ID_PRODUTO,DIA,FLAG_PROMO,PRECO,QUANTIDADE_ESTOQUE
1,31-12-2023,False,50.56,3
2,31-12-2023,False,21.02,56
3,31-12-2023,True,91.28,20
4,31-12-2023,False,51.79,83
5,31-12-2023,False,19.41,69
6,31-12-2023,True,13.84,41
7,31-12-2023,True,23.74,61
8,31-12-2023,False,83.91,71
9,31-12-2023,True,95.05,57
10,31-12-2023,False,63.41,21
11,31-12-2023,True,95.59,65
12,31-12-2023,True,26.15,70
13,31-12-2023,False,23.93,10
14,31-12-2023,False,5.44,72
15,31-12-2023,True,81.0,86
16,31-12-2023,False,55.28,93
17,31-12-2023,False,81.99,70
18,31-12-2023,True,11.33,98
19,31-12-2023,True,35.26,79
20,31-12-2023,False,2.93,99
21,31-12-2023,True,68.31,71
22,31-12-2023,False,60.3,52
23,31-12-2023,True,39.17,25
24,31-12-2023,True,21.6,35
25,31-12-2023,False,58.7,89
1,01-01-2024,True,61.6,47
2,01-01-2024,True,80.97,93
3,01-01-2024,False,57.63,76
4,01-01-2024,False,5.78,46
5,01-01-2024,False,54.37,77
6,01-01-2024,True,21.15,35
7,01-01-2024,True,43.81,21
8,01-01-2024,False,76.9,94
9,01-01-2024,True,2.44,65
10,01-01-2024,True,18.19,44
11,01-01-2024,False,79.63,25
12,01-01-2024,False,10.82,64
13,01-01-2024,False,44.29,43
14,01-01-2024,False,32.21,32
15,01-01-2024,True,69.62,31
16,01-01-2024,False,7.09,7
17,01-01-2024,False,43.79,8
18,01-01-2024,False,90.44,59
19,01-01-2024,True,1.35,88
20,01-01-2024,False,28.36,51
21,01-01-2024,True,19.82,43
22,01-01-2024,False,68.06,59
23,01-01-2024,True,34.55,22
24,01-01-2024,True,86.54,42
25,01-01-2024,True,50.75,27
1,02-01-2024,True,19.28,22
2,02-01-2024,True,40.78,78
3,02-01-2024,True,19.68,76
4,02-01-2024,False,63.0,95
5,02-01-2024,True,40.3,66
6,02-01-2024,True,7.41,34
7,02-01-2024,True,88.54,26
8,02-01-2024,False,96.82,49
9,02-01-2024,True,59.53,64
10,02-01-2024,False,45.76,49
11,02-01-2024,False,7.07,30
12,02-01-2024,True,44.02,25
13,02-01-2024,False,19.34,41
14,02-01-2024,False,56.66,18
15,02-01-2024,False,55.05,17
16,02-01-2024,True,9.23,57
17,02-01-2024,False,93.7,53
18,02-01-2024,True,76.36,58
19,02-01-2024,True,97.17,81
20,02-01-2024,False,75.83,33
21,02-01-2024,True,10.72,2
22,02-01-2024,False,85.0,3
23,02-01-2024,False,82.09,28
24,02-01-2024,False,59.83,65
25,02-01-2024,False,66.4,32
1,03-01-2024,True,97.61,66
2,03-01-2024,True,12.45,43
3,03-01-2024,False,71.71,98
4,03-01-2024,True,99.47,2
5,03-01-2024,True,48.87,90
6,03-01-2024,True,46.61,96
7,03-01-2024,True,81.95,96
8,03-01-2024,True,11.18,63
9,03-01-2024,False,2.79,79
10,03-01-2024,False,37.1,79
11,03-01-2024,True,72.13,29
12,03-01-2024,False,99.36,37
13,03-01-2024,True,32.83,6
14,03-01-2024,True,89.57,92
15,03-01-2024,False,63.33,87
16,03-01-2024,False,71.91,89
17,03-01-2024,True,65.6,63
18,03-01-2024,False,8.66,67
19,03-01-2024,False,23.82,9
20,03-01-2024,True,74.49,27
21,03-01-2024,True,77.6,69
22,03-01-2024,True,38.87,57
23,03-01-2024,False,38.26,48
24,03-01-2024,True,10.65,95
25,03-01-2024,True,57.31,34
1,04-01-2024,True,85.54,17
2,04-01-2024,True,45.82,25
3,04-01-2024,False,18.57,79
4,04-01-2024,False,20.11,1
5,04-01-2024,True,12.78,53
6,04-01-2024,True,82.08,57
7,04-01-2024,True,54.97,4
8,04-01-2024,True,72.46,1
9,04-01-2024,False,37.55,95
10,04-01-2024,True,90.56,59
11,04-01-2024,True,25.51,59
12,04-01-2024,False,78.23,10
13,04-01-2024,False,34.49,47
14,04-01-2024,False,45.65,5
15,04-01-2024,True,87.86,46
16,04-01-2024,True,65.67,41
17,04-01-2024,True,71.32,66
18,04-01-2024,True,13.93,15
19,04-01-2024,False,25.65,24
20,04-01-2024,False,72.55,86
21,04-01-2024,True,20.43,47
22,04-01-2024,False,3.63,13
23,04-01-2024,True,95.21,11
24,04-01-2024,True,44.15,70
25,04-01-2024,True,83.37,88
1,05-01-2024,False,86.6,20
2,05-01-2024,False,97.63,75
3,05-01-2024,False,47.51,73
4,05-01-2024,False,69.02,67
5,05-01-2024,True,97.76,7
6,05-01-2024,True,29.15,40
7,05-01-2024,True,39.36,74
8,05-01-2024,False,61.96,71
9,05-01-2024,True,91.88,26
10,05-01-2024,True,21.1,45
11,05-01-2024,True,77.38,81
12,05-01-2024,True,49.25,93
13,05-01-2024,True,27.87,20
14,05-01-2024,False,72.72,52
15,05-01-2024,False,48.6,87
16,05-01-2024,False,90.76,35
17,05-01-2024,False,45.76,5
18,05-01-2024,False,46.34,41
19,05-01-2024,True,57.79,86
20,05-01-2024,True,7.9,86
21,05-01-2024,True,98.64,54
22,05-01-2024,False,25.49,51
23,05-01-2024,False,98.4,97
24,05-01-2024,False,14.62,24
25,05-01-2024,True,40.75,20
1,06-01-2024,False,11.97,99
2,06-01-2024,True,50.27,83
3,06-01-2024,True,32.0,79
4,06-01-2024,True,83.67,71
5,06-01-2024,False,42.75,72
6,06-01-2024,False,98.25,96
7,06-01-2024,False,1.07,75
8,06-01-2024,True,6.26,2
9,06-01-2024,True,74.38,29
10,06-01-2024,True,22.22,11
11,06-01-2024,True,44.7,19
12,06-01-2024,False,55.51,60
13,06-01-2024,False,33.16,39
14,06-01-2024,True,30.81,5
15,06-01-2024,False,80.48,79
16,06-01-2024,False,43.8,34
17,06-01-2024,False,18.54,84
18,06-01-2024,True,71.47,86
19,06-01-2024,False,63.94,13
20,06-01-2024,False,78.41,51
21,06-01-2024,True,58.71,62
22,06-01-2024,True,89.14,23
23,06-01-2024,False,43.77,74
24,06-01-2024,False,5.12,35
25,06-01-2024,True,80.54,60
1,07-01-2024,False,43.44,75
2,07-01-2024,False,70.38,9
3,07-01-2024,True,57.08,83
4,07-01-2024,False,10.39,50
5,07-01-2024,True,97.97,96
6,07-01-2024,True,5.52,2
7,07-01-2024,False,75.45,54
8,07-01-2024,False,99.02,54
9,07-01-2024,True,91.99,98
10,07-01-2024,True,21.85,44
11,07-01-2024,True,70.72,14
12,07-01-2024,True,22.65,26
13,07-01-2024,False,34.15,45
14,07-01-2024,True,18.4,98
15,07-01-2024,False,97.22,7
16,07-01-2024,False,91.63,66
17,07-01-2024,False,93.66,43
18,07-01-2024,False,49.41,87
19,07-01-2024,False,41.4,90
20,07-01-2024,True,41.1,36
21,07-01-2024,False,53.04,42
22,07-01-2024,False,32.11,4
23,07-01-2024,True,94.34,6
24,07-01-2024,False,29.52,94
25,07-01-2024,True,83.15,2
1,08-01-2024,False,66.33,16
2,08-01-2024,False,21.46,14
3,08-01-2024,False,68.32,71
4,08-01-2024,True,98.44,22
5,08-01-2024,True,97.67,30
6,08-01-2024,False,71.17,9
7,08-01-2024,True,66.37,60
8,08-01-2024,False,23.42,85
9,08-01-2024,True,41.51,18
10,08-01-2024,False,81.57,31
11,08-01-2024,True,59.03,55
12,08-01-2024,False,48.87,58
13,08-01-2024,True,64.95,14
14,08-01-2024,False,29.2,31
15,08-01-2024,True,4.27,68
16,08-01-2024,True,22.99,79
17,08-01-2024,False,38.04,98
18,08-01-2024,False,4.5,48
19,08-01-2024,True,11.74,97
20,08-01-2024,False,50.46,26
21,08-01-2024,False,25.46,82
22,08-01-2024,True,16.47,18
23,08-01-2024,True,80.04,30
24,08-01-2024,True,74.42,90
25,08-01-2024,True,56.34,47
1,09-01-2024,True,18.15,18
2,09-01-2024,True,38.65,18
3,09-01-2024,False,16.44,98
4,09-01-2024,True,79.22,23
5,09-01-2024,True,30.13,64
6,09-01-2024,False,98.98,78
7,09-01-2024,True,47.17,67
8,09-01-2024,True,94.7,61
9,09-01-2024,True,28.27,60
10,09-01-2024,True,15.1,17
11,09-01-2024,True,1.45,25
12,09-01-2024,True,47.01,58
13,09-01-2024,True,66.18,59
14,09-01-2024,True,64.56,46
15,09-01-2024,True,84.58,86
16,09-01-2024,False,90.41,96
17,09-01-2024,True,82.14,57
18,09-01-2024,True,58.33,99
19,09-01-2024,True,54.62,48
20,09-01-2024,False,11.44,39
21,09-01-2024,False,87.0,64
22,09-01-2024,True,60.63,94
23,09-01-2024,False,71.98,87
24,09-01-2024,True,66.33,34
25,09-01-2024,False,88.22,70
1,10-01-2024,False,47.55,27
2,10-01-2024,False,2.3,53
3,10-01-2024,True,84.32,53
4,10-01-2024,True,25.21,1
5,10-01-2024,False,72.53,91
6,10-01-2024,True,82.77,34
7,10-01-2024,True,35.2,1
8,10-01-2024,False,45.44,83
9,10-01-2024,True,55.57,85
10,10-01-2024,False,82.39,19
11,10-01-2024,True,14.98,47
12,10-01-2024,True,21.76,18
13,10-01-2024,True,46.92,77
14,10-01-2024,True,54.85,11
15,10-01-2024,True,19.18,13
16,10-01-2024,False,35.09,95
17,10-01-2024,False,40.22,14
18,10-01-2024,True,33.73,44
19,10-01-2024,True,83.38,13
20,10-01-2024,False,71.52,25
21,10-01-2024,False,9.75,28
22,10-01-2024,True,55.35,81
23,10-01-2024,True,14.56,81
24,10-01-2024,False,64.59,17
25,10-01-2024,True,19.67,60
1,11-01-2024,True,23.22,66
2,11-01-2024,True,43.45,33
3,11-01-2024,False,17.76,16
4,11-01-2024,False,33.02,45
5,11-01-2024,False,65.03,61
6,11-01-2024,True,82.09,11
7,11-01-2024,False,19.78,13
8,11-01-2024,False,58.71,59
9,11-01-2024,False,18.92,95
10,11-01-2024,True,32.47,90
11,11-01-2024,False,88.55,40
12,11-01-2024,False,57.67,27
13,11-01-2024,True,96.67,30
14,11-01-2024,False,91.38,60
15,11-01-2024,True,18.29,43
16,11-01-2024,True,32.41,54
17,11-01-2024,True,16.69,47
18,11-01-2024,False,54.15,52
19,11-01-2024,True,84.02,64
20,11-01-2024,True,49.54,58
21,11-01-2024,True,15.73,24
22,11-01-2024,True,95.31,40
23,11-01-2024,False,91.57,76
24,11-01-2024,False,61.52,36
25,11-01-2024,False,93.65,29
1,12-01-2024,True,23.02,69
2,12-01-2024,False,11.49,73
3,12-01-2024,False,91.38,39
4,12-01-2024,False,19.27,9
5,12-01-2024,False,55.03,13
6,12-01-2024,False,31.94,85
7,12-01-2024,True,68.62,24
8,12-01-2024,False,9.6,23
9,12-01-2024,False,18.67,49
10,12-01-2024,False,93.18,4
11,12-01-2024,True,5.58,1
12,12-01-2024,True,81.43,43
13,12-01-2024,False,49.94,54
14,12-01-2024,True,29.34,86
15,12-01-2024,False,18.57,81
16,12-01-2024,False,15.66,89
17,12-01-2024,False,8.39,63
18,12-01-2024,True,94.47,18
19,12-01-2024,True,94.52,54
20,12-01-2024,True,55.55,5
21,12-01-2024,True,41.82,5
22,12-01-2024,False,35.38,35
23,12-01-2024,True,41.7,60
24,12-01-2024,False,71.87,45
25,12-01-2024,True,65.18,26
1,13-01-2024,True,92.23,33
2,13-01-2024,True,92.85,19
3,13-01-2024,True,89.77,63
4,13-01-2024,True,31.16,94
5,13-01-2024,True,83.55,65
6,13-01-2024,True,20.05,12
7,13-01-2024,False,17.14,44
8,13-01-2024,False,6.57,15
9,13-01-2024,True,57.53,41
10,13-01-2024,False,10.95,14
11,13-01-2024,False,34.88,38
12,13-01-2024,False,88.18,98
13,13-01-2024,True,76.21,1
14,13-01-2024,False,35.94,98
15,13-01-2024,False,68.44,28
16,13-01-2024,True,41.33,62
17,13-01-2024,True,32.15,8
18,13-01-2024,True,52.87,80
19,13-01-2024,True,10.12,61
20,13-01-2024,True,33.32,44
21,13-01-2024,False,88.34,62
22,13-01-2024,False,25.39,62
23,13-01-2024,True,10.58,98
24,13-01-2024,True,49.22,53
25,13-01-2024,False,90.3,59
1,14-01-2024,True,24.26,87
2,14-01-2024,True,15.95,81
3,14-01-2024,False,3.01,66
4,14-01-2024,True,46.66,44
5,14-01-2024,False,97.83,18
6,14-01-2024,True,24.93,54
7,14-01-2024,False,59.59,63
8,14-01-2024,True,73.51,49
9,14-01-2024,True,32.55,1
10,14-01-2024,False,18.53,72
11,14-01-2024,True,97.5,66
12,14-01-2024,True,82.96,51
13,14-01-2024,False,1.91,12
14,14-01-2024,True,65.02,53
15,14-01-2024,False,1.39,99
16,14-01-2024,True,58.11,14
17,14-01-2024,True,46.97,86
18,14-01-2024,False,63.35,31
19,14-01-2024,False,90.44,31
20,14-01-2024,True,80.82,49
21,14-01-2024,True,63.24,21
22,14-01-2024,True,3.79,71
23,14-01-2024,True,91.84,75
24,14-01-2024,True,46.02,54
25,14-01-2024,True,96.66,55
1,15-01-2024,True,96.16,87
2,15-01-2024,True,52.2,77
3,15-01-2024,False,52.67,59
4,15-01-2024,False,35.52,54
5,15-01-2024,True,50.95,36
6,15-01-2024,False,31.86,95
7,15-01-2024,True,18.66,18
8,15-01-2024,False,39.24,57
9,15-01-2024,False,16.88,78
10,15-01-2024,True,66.73,92
11,15-01-2024,False,53.21,27
12,15-01-2024,False,98.66,28
13,15-01-2024,False,56.82,89
14,15-01-2024,False,3.48,94
15,15-01-2024,True,83.67,41
16,15-01-2024,False,48.42,60
17,15-01-2024,False,59.09,40
18,15-01-2024,False,25.93,77
19,15-01-2024,False,75.23,21
20,15-01-2024,False,38.04,83
21,15-01-2024,True,57.84,24
22,15-01-2024,False,89.15,55
23,15-01-2024,False,14.06,31
24,15-01-2024,True,94.13,2
25,15-01-2024,False,57.04,43
1,16-01-2024,True,79.72,50
2,16-01-2024,True,79.8,88
3,16-01-2024,False,90.28,6
4,16-01-2024,False,40.68,31
5,16-01-2024,True,48.78,80
6,16-01-2024,False,76.27,16
7,16-01-2024,False,24.62,74
8,16-01-2024,False,71.57,99
9,16-01-2024,False,70.85,60
10,16-01-2024,True,49.9,60
11,16-01-2024,False,70.07,89
12,16-01-2024,False,85.18,67
13,16-01-2024,True,19.35,75
14,16-01-2024,True,5.08,38
15,16-01-2024,True,99.06,78
16,16-01-2024,False,86.12,8
17,16-01-2024,True,83.96,35
18,16-01-2024,True,45.57,38
19,16-01-2024,True,56.19,95
20,16-01-2024,False,27.06,20
21,16-01-2024,False,47.04,64
22,16-01-2024,True,82.18,39
23,16-01-2024,True,60.1,68
24,16-01-2024,True,6.67,56
25,16-01-2024,True,40.85,11
1,17-01-2024,True,85.27,5
2,17-01-2024,False,30.44,65
3,17-01-2024,False,44.25,55
4,17-01-2024,True,61.38,86
5,17-01-2024,False,43.08,42
6,17-01-2024,True,81.45,84
7,17-01-2024,False,74.26,14
8,17-01-2024,False,8.52,6
9,17-01-2024,True,89.46,59
10,17-01-2024,False,67.76,43
11,17-01-2024,True,57.5,63
12,17-01-2024,False,40.77,52
13,17-01-2024,False,14.29,18
14,17-01-2024,False,40.41,4
15,17-01-2024,True,88.11,65
16,17-01-2024,False,3.11,71
17,17-01-2024,False,90.68,67
18,17-01-2024,False,75.58,7
19,17-01-2024,True,24.53,16
20,17-01-2024,False,98.77,94
21,17-01-2024,True,24.56,24
22,17-01-2024,False,69.16,24
23,17-01-2024,False,97.29,56
24,17-01-2024,True,36.55,87
25,17-01-2024,True,50.28,6
1,18-01-2024,False,58.78,39
2,18-01-2024,False,90.47,9
3,18-01-2024,True,19.7,45
4,18-01-2024,True,35.41,74
5,18-01-2024,False,9.45,9
6,18-01-2024,False,27.43,72
7,18-01-2024,False,29.96,8
8,18-01-2024,False,46.26,89
9,18-01-2024,True,85.98,52
10,18-01-2024,True,68.62,62
11,18-01-2024,True,39.6,65
12,18-01-2024,True,28.98,33
13,18-01-2024,True,83.97,81
14,18-01-2024,False,66.48,85
15,18-01-2024,False,6.32,45
16,18-01-2024,True,65.21,6
17,18-01-2024,False,89.42,48
18,18-01-2024,True,24.32,3
19,18-01-2024,False,88.3,5
20,18-01-2024,True,17.31,26
21,18-01-2024,True,78.18,95
22,18-01-2024,True,39.84,37
23,18-01-2024,False,94.6,31
24,18-01-2024,True,62.76,59
25,18-01-2024,False,13.92,45
1,19-01-2024,True,71.58,3
2,19-01-2024,False,84.58,50
3,19-01-2024,False,1.59,19
4,19-01-2024,False,45.1,45
5,19-01-2024,False,35.85,21
6,19-01-2024,False,56.59,37
7,19-01-2024,True,62.64,16
8,19-01-2024,True,18.74,24
9,19-01-2024,True,34.27,11
10,19-01-2024,True,97.44,69
11,19-01-2024,True,37.88,90
12,19-01-2024,True,63.36,16
13,19-01-2024,False,73.03,97
14,19-01-2024,False,36.74,82
15,19-01-2024,True,40.71,78
16,19-01-2024,True,38.79,82
17,19-01-2024,False,59.23,13
18,19-01-2024,False,33.12,84
19,19-01-2024,True,4.13,81
20,19-01-2024,True,33.48,72
21,19-01-2024,False,94.64,67
22,19-01-2024,True,12.71,53
23,19-01-2024,False,47.18,61
24,19-01-2024,True,86.58,56
25,19-01-2024,False,95.68,76
1,20-01-2024,False,41.4,84
2,20-01-2024,False,77.43,59
3,20-01-2024,True,95.39,86
4,20-01-2024,False,49.03,22
5,20-01-2024,True,91.92,21
6,20-01-2024,False,83.14,45
7,20-01-2024,True,50.03,50
8,20-01-2024,True,9.94,60
9,20-01-2024,False,8.21,40
10,20-01-2024,True,32.91,89
11,20-01-2024,False,68.16,30
12,20-01-2024,True,81.2,69
13,20-01-2024,False,73.73,11
14,20-01-2024,True,50.19,69
15,20-01-2024,True,83.13,33
16,20-01-2024,False,37.93,57
17,20-01-2024,False,41.14,63
18,20-01-2024,False,70.77,80
19,20-01-2024,False,96.47,37
20,20-01-2024,True,30.67,54
21,20-01-2024,False,14.45,79
22,20-01-2024,False,30.39,31
23,20-01-2024,False,13.14,16
24,20-01-2024,False,32.46,73
25,20-01-2024,True,80.16,48
1,21-01-2024,True,2.27,81
2,21-01-2024,False,2.61,53
3,21-01-2024,False,7.96,27
4,21-01-2024,True,25.21,86
5,21-01-2024,False,38.93,84
6,21-01-2024,False,84.2,19
7,21-01-2024,True,35.05,26
8,21-01-2024,False,39.02,20
9,21-01-2024,False,32.57,91
10,21-01-2024,False,62.35,72
11,21-01-2024,False,90.86,59
12,21-01-2024,True,75.27,20
13,21-01-2024,True,53.53,72
14,21-01-2024,True,48.03,81
15,21-01-2024,True,90.37,89
16,21-01-2024,True,76.25,31
17,21-01-2024,False,85.5,31
18,21-01-2024,False,89.6,36
19,21-01-2024,False,53.66,30
20,21-01-2024,False,82.18,45
21,21-01-2024,True,71.36,38
22,21-01-2024,True,23.94,95
23,21-01-2024,False,63.57,63
24,21-01-2024,False,95.05,27
25,21-01-2024,False,16.33,27
1,22-01-2024,False,98.26,69
2,22-01-2024,True,14.99,78
3,22-01-2024,False,71.73,33
4,22-01-2024,True,49.12,6
5,22-01-2024,True,31.92,20
6,22-01-2024,True,81.24,42
7,22-01-2024,True,60.38,51
8,22-01-2024,True,71.24,62
9,22-01-2024,True,66.98,60
10,22-01-2024,True,86.2,49
11,22-01-2024,False,53.25,83
12,22-01-2024,True,34.8,23
13,22-01-2024,False,78.9,67
14,22-01-2024,True,40.54,31
15,22-01-2024,True,31.65,16
16,22-01-2024,False,86.02,27
17,22-01-2024,False,3.08,73
18,22-01-2024,True,73.14,91
19,22-01-2024,False,1.57,85
20,22-01-2024,True,61.95,3
21,22-01-2024,True,7.39,65
22,22-01-2024,True,35.17,50
23,22-01-2024,False,67.5,94
24,22-01-2024,False,41.18,41
25,22-01-2024,False,52.91,98
1,23-01-2024,False,21.69,90
2,23-01-2024,True,80.3,16
3,23-01-2024,False,77.05,21
4,23-01-2024,True,37.85,53
5,23-01-2024,False,75.86,37
6,23-01-2024,False,40.0,62
7,23-01-2024,True,17.18,14
8,23-01-2024,False,84.82,97
9,23-01-2024,True,9.9,51
10,23-01-2024,False,14.48,9
11,23-01-2024,True,1.88,3
12,23-01-2024,False,1.29,34
13,23-01-2024,False,2.43,67
14,23-01-2024,True,41.83,74
15,23-01-2024,True,44.36,48
16,23-01-2024,False,31.41,98
17,23-01-2024,False,22.38,91
18,23-01-2024,True,13.45,15
19,23-01-2024,True,89.76,68
20,23-01-2024,False,70.89,66
21,23-01-2024,False,70.39,38
22,23-01-2024,False,15.96,8
23,23-01-2024,False,86.08,27
24,23-01-2024,False,50.09,61
25,23-01-2024,False,66.07,26
1,24-01-2024,True,90.75,94
2,24-01-2024,True,62.58,90
3,24-01-2024,True,65.83,2
4,24-01-2024,False,61.64,91
5,24-01-2024,False,64.16,36
6,24-01-2024,False,99.61,90
7,24-01-2024,False,45.58,68
8,24-01-2024,False,19.98,50
9,24-01-2024,False,77.29,44
10,24-01-2024,True,64.0,36
11,24-01-2024,False,54.64,1
12,24-01-2024,False,20.96,50
13,24-01-2024,True,46.78,28
14,24-01-2024,True,31.11,24
15,24-01-2024,False,85.77,74
16,24-01-2024,False,51.65,33
17,24-01-2024,True,10.11,7
18,24-01-2024,False,94.43,36
19,24-01-2024,True,68.83,66
20,24-01-2024,True,26.57,32
21,24-01-2024,False,36.24,33
22,24-01-2024,False,65.86,25
23,24-01-2024,False,41.12,31
24,24-01-2024,False,41.49,28
25,24-01-2024,False,91.11,33
1,25-01-2024,False,92.51,2
2,25-01-2024,True,98.53,35
3,25-01-2024,True,23.04,5
4,25-01-2024,True,53.52,20
5,25-01-2024,True,45.01,47
6,25-01-2024,True,95.9,98
7,25-01-2024,False,36.43,6
8,25-01-2024,False,97.9,25
9,25-01-2024,False,21.55,22
10,25-01-2024,False,96.12,6
11,25-01-2024,False,86.61,6
12,25-01-2024,True,50.55,47
13,25-01-2024,True,34.58,88
14,25-01-2024,False,3.31,92
15,25-01-2024,True,48.52,5
16,25-01-2024,False,56.92,13
17,25-01-2024,True,64.46,21
18,25-01-2024,False,43.34,65
19,25-01-2024,False,39.76,96
20,25-01-2024,True,98.43,94
21,25-01-2024,False,38.4,1
22,25-01-2024,False,28.01,80
23,25-01-2024,False,69.5,72
24,25-01-2024,True,57.61,10
25,25-01-2024,True,9.61,38
1,26-01-2024,False,1.8,86
2,26-01-2024,False,68.63,20
3,26-01-2024,False,71.83,34
4,26-01-2024,True,63.24,65
5,26-01-2024,False,3.26,58
6,26-01-2024,False,37.32,33
7,26-01-2024,True,43.79,68
8,26-01-2024,False,59.17,81
9,26-01-2024,False,98.58,53
10,26-01-2024,False,27.58,18
11,26-01-2024,True,35.49,74
12,26-01-2024,False,30.85,61
13,26-01-2024,True,70.02,48
14,26-01-2024,False,99.72,78
15,26-01-2024,True,19.25,26
16,26-01-2024,True,70.63,37
17,26-01-2024,True,38.22,34
18,26-01-2024,True,80.19,60
19,26-01-2024,True,90.57,12
20,26-01-2024,False,42.33,33
21,26-01-2024,True,25.46,82
22,26-01-2024,True,8.89,61
23,26-01-2024,True,85.6,61
24,26-01-2024,False,37.58,10
25,26-01-2024,True,6.24,36
1,27-01-2024,True,53.93,5
2,27-01-2024,False,92.61,8
3,27-01-2024,True,14.24,56
4,27-01-2024,False,37.49,27
5,27-01-2024,True,7.81,86
6,27-01-2024,False,62.61,7
7,27-01-2024,False,21.99,68
8,27-01-2024,True,95.97,62
9,27-01-2024,False,7.12,87
10,27-01-2024,False,94.67,55
11,27-01-2024,True,95.77,56
12,27-01-2024,True,56.32,68
13,27-01-2024,False,66.36,52
14,27-01-2024,True,76.7,20
15,27-01-2024,True,89.67,43
16,27-01-2024,True,95.15,74
17,27-01-2024,False,5.4,45
18,27-01-2024,True,69.26,90
19,27-01-2024,True,6.75,10
20,27-01-2024,True,40.13,22
21,27-01-2024,False,55.7,90
22,27-01-2024,False,25.86,56
23,27-01-2024,False,88.0,20
24,27-01-2024,False,7.98,19
25,27-01-2024,True,84.4,39
1,28-01-2024,True,88.42,90
2,28-01-2024,False,80.44,47
3,28-01-2024,True,89.75,75
4,28-01-2024,True,34.59,63
5,28-01-2024,True,2.0,25
6,28-01-2024,True,52.27,2
7,28-01-2024,True,92.12,53
8,28-01-2024,False,4.04,15
9,28-01-2024,True,35.3,23
10,28-01-2024,True,68.21,32
11,28-01-2024,True,33.79,58
12,28-01-2024,True,68.35,92
13,28-01-2024,True,96.18,77
14,28-01-2024,True,25.61,58
15,28-01-2024,True,8.43,39
16,28-01-2024,False,19.03,85
17,28-01-2024,True,96.46,6
18,28-01-2024,False,3.01,59
19,28-01-2024,True,64.63,25
20,28-01-2024,True,85.26,72
21,28-01-2024,True,4.75,46
22,28-01-2024,True,30.72,40
23,28-01-2024,True,95.14,67
24,28-01-2024,False,78.56,5
25,28-01-2024,True,92.86,51
1,29-01-2024,True,57.61,30
2,29-01-2024,False,90.88,95
3,29-01-2024,True,56.32,54
4,29-01-2024,True,84.42,94
5,29-01-2024,True,64.38,12
6,29-01-2024,True,2.18,19
7,29-01-2024,True,38.11,47
8,29-01-2024,True,36.97,28
9,29-01-2024,True,58.86,82
10,29-01-2024,True,38.44,47
11,29-01-2024,False,42.07,83
12,29-01-2024,False,9.95,13
13,29-01-2024,False,90.2,53
14,29-01-2024,True,63.07,25
15,29-01-2024,False,27.72,23
16,29-01-2024,False,6.55,39
17,29-01-2024,False,49.99,4
18,29-01-2024,True,64.87,59
19,29-01-2024,True,42.85,50
20,29-01-2024,False,59.69,90
21,29-01-2024,False,98.9,54
22,29-01-2024,False,47.82,23
23,29-01-2024,False,35.27,90
24,29-01-2024,False,68.79,75
25,29-01-2024,False,86.59,78
1,30-01-2024,False,70.21,50
2,30-01-2024,True,83.99,50
3,30-01-2024,True,67.26,41
4,30-01-2024,False,66.28,11
5,30-01-2024,True,80.6,36
6,30-01-2024,False,32.06,45
7,30-01-2024,False,57.36,50
8,30-01-2024,False,16.74,97
9,30-01-2024,True,78.23,46
10,30-01-2024,False,48.87,49
11,30-01-2024,False,82.29,55
12,30-01-2024,True,84.8,48
13,30-01-2024,False,3.6,94
14,30-01-2024,True,67.69,44
15,30-01-2024,False,90.54,45
16,30-01-2024,True,80.99,48
17,30-01-2024,True,81.86,45
18,30-01-2024,True,38.79,25
19,30-01-2024,False,25.74,48
20,30-01-2024,False,61.12,11
21,30-01-2024,True,75.16,96
22,30-01-2024,False,65.98,25
23,30-01-2024,True,38.7,85
24,30-01-2024,True,1.26,94
25,30-01-2024,True,63.75,12
1,31-01-2024,True,89.96,55
2,31-01-2024,False,22.5,16
3,31-01-2024,True,92.8,30
4,31-01-2024,False,14.31,30
5,31-01-2024,True,12.22,31
6,31-01-2024,True,5.5,72
7,31-01-2024,True,95.71,63
8,31-01-2024,False,72.75,73
9,31-01-2024,False,35.97,58
10,31-01-2024,False,42.28,89
11,31-01-2024,True,94.65,6
12,31-01-2024,True,52.46,67
13,31-01-2024,False,97.35,93
14,31-01-2024,True,38.28,41
15,31-01-2024,False,98.58,67
16,31-01-2024,False,15.32,9
17,31-01-2024,False,81.9,45
18,31-01-2024,True,79.54,39
19,31-01-2024,True,19.98,14
20,31-01-2024,True,13.79,84
21,31-01-2024,True,56.29,21
22,31-01-2024,True,73.8,86
23,31-01-2024,True,61.35,56
24,31-01-2024,True,61.04,22
25,31-01-2024,False,35.37,94
1,01-02-2024,True,7.55,27
2,01-02-2024,True,32.5,76
3,01-02-2024,True,64.03,52
4,01-02-2024,False,69.94,35
5,01-02-2024,True,66.18,82
6,01-02-2024,True,18.26,27
7,01-02-2024,False,56.6,55
8,01-02-2024,True,7.66,93
9,01-02-2024,False,99.21,59
10,01-02-2024,True,85.06,88
11,01-02-2024,True,25.3,69
12,01-02-2024,False,57.36,84
13,01-02-2024,False,84.23,93
14,01-02-2024,False,34.15,19
15,01-02-2024,False,63.95,66
16,01-02-2024,True,63.02,30
17,01-02-2024,True,7.81,4
18,01-02-2024,False,77.67,85
19,01-02-2024,True,64.75,46
20,01-02-2024,True,36.58,23
21,01-02-2024,False,54.91,74
22,01-02-2024,True,27.68,19
23,01-02-2024,False,25.11,71
24,01-02-2024,False,3.42,28
25,01-02-2024,True,70.7,71
1,02-02-2024,False,44.97,76
2,02-02-2024,False,8.15,22
3,02-02-2024,True,46.34,33
4,02-02-2024,True,12.15,26
5,02-02-2024,True,3.4,3
6,02-02-2024,True,17.0,7
7,02-02-2024,False,49.38,58
8,02-02-2024,True,7.6,94
9,02-02-2024,True,99.38,87
10,02-02-2024,False,58.77,5
11,02-02-2024,True,68.87,61
12,02-02-2024,False,50.55,19
13,02-02-2024,True,49.28,69
14,02-02-2024,False,15.79,27
15,02-02-2024,True,9.95,87
16,02-02-2024,True,56.93,14
17,02-02-2024,True,46.96,57
18,02-02-2024,True,33.8,94
19,02-02-2024,True,11.26,62
20,02-02-2024,False,22.92,43
21,02-02-2024,True,32.18,23
22,02-02-2024,False,52.15,57
23,02-02-2024,True,49.98,15
24,02-02-2024,False,12.17,42
25,02-02-2024,False,17.77,25
1,03-02-2024,False,87.34,54
2,03-02-2024,True,79.69,10
3,03-02-2024,False,40.62,99
4,03-02-2024,True,61.75,70
5,03-02-2024,True,63.36,2
6,03-02-2024,False,11.52,77
7,03-02-2024,True,50.45,6
8,03-02-2024,False,15.1,91
9,03-02-2024,False,26.9,87
10,03-02-2024,True,26.56,45
11,03-02-2024,False,12.33,79
12,03-02-2024,True,55.2,64
13,03-02-2024,False,3.35,19
14,03-02-2024,False,69.85,60
15,03-02-2024,False,49.06,43
16,03-02-2024,True,79.88,95
17,03-02-2024,True,79.28,93
18,03-02-2024,False,89.7,47
19,03-02-2024,False,94.63,92
20,03-02-2024,True,50.32,5
21,03-02-2024,True,63.1,62
22,03-02-2024,True,38.08,36
23,03-02-2024,False,36.79,93
24,03-02-2024,True,67.1,8
25,03-02-2024,True,15.74,4
1,04-02-2024,False,50.14,19
2,04-02-2024,True,98.18,21
3,04-02-2024,True,99.66,8
4,04-02-2024,True,29.52,94
5,04-02-2024,True,98.25,91
6,04-02-2024,False,1.84,13
7,04-02-2024,True,95.17,9
8,04-02-2024,True,51.23,81
9,04-02-2024,False,86.69,13
10,04-02-2024,False,5.04,7
11,04-02-2024,True,41.42,67
12,04-02-2024,False,32.43,37
13,04-02-2024,True,86.49,36
14,04-02-2024,True,89.02,68
15,04-02-2024,False,46.27,33
16,04-02-2024,False,94.74,42
17,04-02-2024,True,69.5,20
18,04-02-2024,True,9.3,6
19,04-02-2024,True,81.9,73
20,04-02-2024,True,7.76,14
21,04-02-2024,False,26.16,8
22,04-02-2024,False,58.75,55
23,04-02-2024,False,76.5,97
24,04-02-2024,True,31.24,69
25,04-02-2024,False,83.28,44
1,05-02-2024,False,68.31,84
2,05-02-2024,True,98.6,99
3,05-02-2024,False,76.38,32
4,05-02-2024,True,97.21,32
5,05-02-2024,False,10.79,57
6,05-02-2024,True,78.06,50
7,05-02-2024,False,42.32,80
8,05-02-2024,True,95.34,15
9,05-02-2024,False,81.63,50
10,05-02-2024,False,16.76,79
11,05-02-2024,False,12.54,17
12,05-02-2024,False,4.0,45
13,05-02-2024,False,50.61,29
14,05-02-2024,False,75.74,89
15,05-02-2024,True,8.95,13
16,05-02-2024,True,33.92,2
17,05-02-2024,False,11.9,82
18,05-02-2024,False,7.0,12
19,05-02-2024,True,88.6,33
20,05-02-2024,False,50.16,70
21,05-02-2024,True,68.65,40
22,05-02-2024,True,85.18,71
23,05-02-2024,True,47.7,78
24,05-02-2024,True,38.09,83
25,05-02-2024,False,49.09,20
1,06-02-2024,False,36.77,66
2,06-02-2024,False,6.77,62
3,06-02-2024,True,66.4,79
4,06-02-2024,True,37.53,7
5,06-02-2024,False,39.96,79
6,06-02-2024,True,15.66,72
7,06-02-2024,False,17.68,68
8,06-02-2024,False,21.72,10
9,06-02-2024,True,17.18,95
10,06-02-2024,False,34.31,33
11,06-02-2024,False,17.93,72
12,06-02-2024,False,13.9,73
13,06-02-2024,False,97.35,66
14,06-02-2024,True,21.0,2
15,06-02-2024,False,96.86,35
16,06-02-2024,True,93.38,76
17,06-02-2024,True,42.59,53
18,06-02-2024,True,23.68,72
19,06-02-2024,True,49.47,47
20,06-02-2024,False,95.03,18
21,06-02-2024,True,7.3,28
22,06-02-2024,False,64.56,70
23,06-02-2024,True,58.46,74
24,06-02-2024,True,32.14,79
25,06-02-2024,True,45.16,14
1,07-02-2024,False,49.37,49
2,07-02-2024,False,7.66,65
3,07-02-2024,False,45.46,34
4,07-02-2024,False,22.98,75
5,07-02-2024,False,4.43,89
6,07-02-2024,True,13.35,34
7,07-02-2024,False,86.53,56
8,07-02-2024,True,46.19,19
9,07-02-2024,False,88.05,49
10,07-02-2024,False,21.64,41
11,07-02-2024,True,59.36,8
12,07-02-2024,True,84.42,19
13,07-02-2024,True,81.89,98
14,07-02-2024,True,53.21,51
15,07-02-2024,True,9.13,28
16,07-02-2024,True,3.64,93
17,07-02-2024,False,73.59,31
18,07-02-2024,False,30.41,84
19,07-02-2024,False,61.46,16
20,07-02-2024,True,76.66,26
21,07-02-2024,False,48.08,97
22,07-02-2024,False,90.38,87
23,07-02-2024,False,33.74,43
24,07-02-2024,True,81.93,12
25,07-02-2024,False,64.84,96
1,08-02-2024,False,8.24,97
2,08-02-2024,False,14.25,16
3,08-02-2024,True,36.72,98
4,08-02-2024,True,33.16,26
5,08-02-2024,True,62.84,73
6,08-02-2024,True,49.47,77
7,08-02-2024,True,62.26,81
8,08-02-2024,False,42.69,38
9,08-02-2024,True,79.24,50
10,08-02-2024,True,72.25,23
11,08-02-2024,False,48.07,28
12,08-02-2024,True,16.73,64
13,08-02-2024,False,56.01,36
14,08-02-2024,False,70.81,16
15,08-02-2024,False,56.07,15
16,08-02-2024,True,66.36,20
17,08-02-2024,False,37.42,9
18,08-02-2024,False,61.53,22
19,08-02-2024,False,14.57,74
20,08-02-2024,True,95.12,13
21,08-02-2024,True,91.36,17
22,08-02-2024,False,70.04,1
23,08-02-2024,True,41.62,69
24,08-02-2024,True,41.8,18
25,08-02-2024,False,75.69,9
1,09-02-2024,True,26.24,44
2,09-02-2024,True,34.55,24
3,09-02-2024,True,51.99,57
4,09-02-2024,False,18.31,70
5,09-02-2024,False,59.01,36
6,09-02-2024,False,77.52,69
7,09-02-2024,False,72.91,97
8,09-02-2024,False,26.33,86
9,09-02-2024,True,65.23,52
10,09-02-2024,False,56.42,2
11,09-02-2024,False,85.7,58
12,09-02-2024,True,79.25,84
13,09-02-2024,False,34.87,78
14,09-02-2024,True,38.71,73
15,09-02-2024,True,25.0,20
16,09-02-2024,True,88.58,90
17,09-02-2024,False,76.98,54
18,09-02-2024,False,15.18,41
19,09-02-2024,True,16.7,9
20,09-02-2024,False,56.16,71
21,09-02-2024,True,86.26,35
22,09-02-2024,True,51.52,75
23,09-02-2024,True,10.4,1
24,09-02-2024,False,90.38,5
25,09-02-2024,True,87.78,42
1,10-02-2024,True,48.35,51
2,10-02-2024,True,56.74,88
3,10-02-2024,False,36.93,26
4,10-02-2024,False,12.55,47
5,10-02-2024,True,53.97,24
6,10-02-2024,False,93.33,17
7,10-02-2024,True,65.76,62
8,10-02-2024,True,90.82,88
9,10-02-2024,True,59.29,86
10,10-02-2024,False,83.12,33
11,10-02-2024,True,75.43,54
12,10-02-2024,True,76.2,87
13,10-02-2024,True,25.05,17
14,10-02-2024,False,41.75,64
15,10-02-2024,True,8.45,65
16,10-02-2024,True,83.12,75
17,10-02-2024,True,60.03,26
18,10-02-2024,False,47.07,27
19,10-02-2024,True,4.37,75
20,10-02-2024,True,16.62,84
21,10-02-2024,True,42.3,25
22,10-02-2024,False,99.36,75
23,10-02-2024,False,73.97,36
24,10-02-2024,False,79.09,49
25,10-02-2024,True,82.17,67
1,11-02-2024,False,64.71,98
2,11-02-2024,False,96.05,18
3,11-02-2024,True,48.73,46
4,11-02-2024,True,43.71,12
5,11-02-2024,True,44.03,76
6,11-02-2024,True,69.05,4
7,11-02-2024,True,50.95,91
8,11-02-2024,False,41.38,34
9,11-02-2024,True,85.54,43
10,11-02-2024,True,46.61,37
11,11-02-2024,False,80.78,30
12,11-02-2024,True,66.84,52
13,11-02-2024,False,40.9,25
14,11-02-2024,False,91.69,8
15,11-02-2024,False,79.41,80
16,11-02-2024,True,54.92,41
17,11-02-2024,False,99.97,58
18,11-02-2024,True,83.98,27
19,11-02-2024,True,10.5,82
20,11-02-2024,False,1.37,86
21,11-02-2024,False,26.48,66
22,11-02-2024,True,75.35,81
23,11-02-2024,False,36.14,97
24,11-02-2024,True,25.43,40
25,11-02-2024,True,35.47,63
1,12-02-2024,False,11.74,47
2,12-02-2024,True,67.48,58
3,12-02-2024,False,94.06,73
4,12-02-2024,True,15.95,51
5,12-02-2024,True,23.3,45
6,12-02-2024,True,59.04,9
7,12-02-2024,True,57.82,89
8,12-02-2024,False,67.43,50
9,12-02-2024,True,53.71,44
10,12-02-2024,False,22.43,22
11,12-02-2024,True,46.25,3
12,12-02-2024,True,63.8,89
13,12-02-2024,False,30.34,9
14,12-02-2024,True,2.51,6
15,12-02-2024,False,70.03,59
16,12-02-2024,True,57.95,54
17,12-02-2024,False,38.96,82
18,12-02-2024,True,49.18,95
19,12-02-2024,False,50.37,88
20,12-02-2024,False,37.97,78
21,12-02-2024,False,29.3,26
22,12-02-2024,False,18.1,76
23,12-02-2024,False,72.57,23
24,12-02-2024,True,7.93,75
25,12-02-2024,False,77.43,96
1,13-02-2024,False,54.86,48
2,13-02-2024,False,51.79,88
3,13-02-2024,False,82.46,40
4,13-02-2024,False,84.67,92
5,13-02-2024,False,21.66,51
6,13-02-2024,True,7.34,5
7,13-02-2024,True,89.23,93
8,13-02-2024,True,23.63,44
9,13-02-2024,True,65.99,56
10,13-02-2024,True,55.09,57
11,13-02-2024,False,60.92,61
12,13-02-2024,True,97.59,6
13,13-02-2024,False,13.9,39
14,13-02-2024,True,1.27,54
15,13-02-2024,False,40.92,21
16,13-02-2024,True,5.9,19
17,13-02-2024,False,54.54,16
18,13-02-2024,False,35.48,37
19,13-02-2024,False,89.35,70
20,13-02-2024,True,56.46,99
21,13-02-2024,True,82.35,55
22,13-02-2024,True,13.31,9
23,13-02-2024,False,71.69,94
24,13-02-2024,True,31.37,17
25,13-02-2024,False,81.57,9
1,14-02-2024,True,55.28,41
2,14-02-2024,True,58.95,55
3,14-02-2024,False,14.07,96
4,14-02-2024,True,29.21,31
5,14-02-2024,False,69.89,7
6,14-02-2024,True,91.71,89
7,14-02-2024,False,66.14,61
8,14-02-2024,False,97.78,73
9,14-02-2024,False,65.54,3
10,14-02-2024,True,9.63,95
11,14-02-2024,False,6.29,2
12,14-02-2024,True,38.14,49
13,14-02-2024,True,42.45,50
14,14-02-2024,True,97.05,16
15,14-02-2024,True,63.63,25
16,14-02-2024,False,28.93,76
17,14-02-2024,False,68.83,98
18,14-02-2024,True,31.82,46
19,14-02-2024,False,7.28,50
20,14-02-2024,True,10.62,50
21,14-02-2024,False,34.71,55
22,14-02-2024,True,29.92,13
23,14-02-2024,True,45.45,66
24,14-02-2024,True,19.98,61
25,14-02-2024,False,48.45,35
1,15-02-2024,True,42.33,25
2,15-02-2024,False,85.53,10
3,15-02-2024,True,76.65,89
4,15-02-2024,False,4.65,54
5,15-02-2024,True,65.03,70
6,15-02-2024,False,87.7,52
7,15-02-2024,False,24.54,20
8,15-02-2024,False,21.76,16
9,15-02-2024,True,79.66,26
10,15-02-2024,False,33.25,82
11,15-02-2024,False,97.42,97
12,15-02-2024,True,24.09,7
13,15-02-2024,False,38.6,47
14,15-02-2024,False,58.21,33
15,15-02-2024,False,34.39,77
16,15-02-2024,False,70.87,40
17,15-02-2024,True,29.21,89
18,15-02-2024,False,60.3,28
19,15-02-2024,False,43.88,37
20,15-02-2024,True,28.23,75
21,15-02-2024,False,46.88,25
22,15-02-2024,False,70.51,80
23,15-02-2024,True,62.72,86
24,15-02-2024,True,87.4,25
25,15-02-2024,True,12.82,45
1,16-02-2024,False,45.32,55
2,16-02-2024,False,92.29,80
3,16-02-2024,True,64.58,84
4,16-02-2024,False,84.42,17
5,16-02-2024,True,65.21,7
6,16-02-2024,False,48.19,71
7,16-02-2024,False,44.84,82
8,16-02-2024,False,76.27,34
9,16-02-2024,True,12.07,61
10,16-02-2024,False,47.84,48
11,16-02-2024,True,6.74,99
12,16-02-2024,False,37.23,71
13,16-02-2024,True,16.49,96
14,16-02-2024,False,42.29,37
15,16-02-2024,True,71.57,1
16,16-02-2024,True,53.03,36
17,16-02-2024,False,62.51,75
18,16-02-2024,False,59.46,32
19,16-02-2024,True,9.06,62
20,16-02-2024,False,45.42,60
21,16-02-2024,True,43.75,16
22,16-02-2024,True,58.38,93
23,16-02-2024,False,19.48,40
24,16-02-2024,False,18.91,30
25,16-02-2024,True,92.86,55
1,17-02-2024,True,62.17,93
2,17-02-2024,True,26.11,92
3,17-02-2024,False,34.82,15
4,17-02-2024,False,97.46,90
5,17-02-2024,False,28.32,13
6,17-02-2024,False,11.07,65
7,17-02-2024,True,95.23,91
8,17-02-2024,False,65.35,96
9,17-02-2024,True,48.55,73
10,17-02-2024,False,99.5,47
11,17-02-2024,False,49.82,66
12,17-02-2024,False,16.84,47
13,17-02-2024,False,84.73,78
14,17-02-2024,True,71.08,62
15,17-02-2024,True,80.69,88
16,17-02-2024,True,18.05,75
17,17-02-2024,False,71.12,59
18,17-02-2024,True,43.7,40
19,17-02-2024,False,90.23,51
20,17-02-2024,True,8.59,4
21,17-02-2024,True,88.26,94
22,17-02-2024,True,83.33,88
23,17-02-2024,True,74.98,10
24,17-02-2024,False,55.17,93
25,17-02-2024,True,75.94,58
1,18-02-2024,True,9.39,73
2,18-02-2024,False,91.92,46
3,18-02-2024,True,57.83,88
4,18-02-2024,False,14.26,29
5,18-02-2024,True,8.95,42
6,18-02-2024,False,87.63,23
7,18-02-2024,False,37.4,13
8,18-02-2024,False,7.57,94
9,18-02-2024,False,22.61,80
10,18-02-2024,False,71.26,8
11,18-02-2024,False,3.1,60
12,18-02-2024,True,34.07,22
13,18-02-2024,False,74.41,78
14,18-02-2024,False,59.9,47
15,18-02-2024,True,40.2,57
16,18-02-2024,True,41.46,71
17,18-02-2024,True,44.18,69
18,18-02-2024,True,23.24,75
19,18-02-2024,True,92.73,36
20,18-02-2024,True,62.68,75
21,18-02-2024,True,7.34,43
22,18-02-2024,False,36.56,40
23,18-02-2024,True,61.22,62
24,18-02-2024,False,90.47,43
25,18-02-2024,False,51.78,90
1,19-02-2024,True,2.03,83
2,19-02-2024,False,17.72,24
3,19-02-2024,True,88.75,97
4,19-02-2024,True,69.37,79
5,19-02-2024,True,55.58,2
6,19-02-2024,True,42.31,65
7,19-02-2024,True,47.66,53
8,19-02-2024,False,90.45,42
9,19-02-2024,False,30.11,83
10,19-02-2024,True,38.56,62
11,19-02-2024,True,47.42,37
12,19-02-2024,False,50.38,79
13,19-02-2024,False,80.91,58
14,19-02-2024,True,16.95,93
15,19-02-2024,False,59.46,78
16,19-02-2024,False,81.28,6
17,19-02-2024,False,70.68,48
18,19-02-2024,False,20.55,15
19,19-02-2024,False,6.98,87
20,19-02-2024,False,54.69,55
21,19-02-2024,False,54.74,13
22,19-02-2024,False,92.67,87
23,19-02-2024,True,5.74,84
24,19-02-2024,True,26.84,8
25,19-02-2024,True,68.31,66
1,20-02-2024,True,46.55,2
2,20-02-2024,True,85.76,55
3,20-02-2024,True,61.9,20
4,20-02-2024,True,88.74,62
5,20-02-2024,True,57.99,63
6,20-02-2024,False,85.44,37
7,20-02-2024,True,72.89,59
8,20-02-2024,True,85.4,25
9,20-02-2024,False,98.44,33
10,20-02-2024,True,2.0,39
11,20-02-2024,True,26.09,80
12,20-02-2024,False,74.47,52
13,20-02-2024,True,11.85,92
14,20-02-2024,True,8.41,16
15,20-02-2024,False,68.59,59
16,20-02-2024,False,30.43,89
17,20-02-2024,False,20.21,63
18,20-02-2024,False,14.35,99
19,20-02-2024,False,97.43,26
20,20-02-2024,False,8.01,71
21,20-02-2024,True,82.49,47
22,20-02-2024,True,60.06,61
23,20-02-2024,False,89.12,74
24,20-02-2024,True,4.88,41
25,20-02-2024,False,24.17,89
1,21-02-2024,True,57.73,67
2,21-02-2024,False,91.38,78
3,21-02-2024,False,33.93,20
4,21-02-2024,True,6.22,73
5,21-02-2024,True,74.97,1
6,21-02-2024,True,71.85,45
7,21-02-2024,True,76.46,22
8,21-02-2024,True,69.31,66
9,21-02-2024,True,84.2,14
10,21-02-2024,True,33.68,79
11,21-02-2024,True,69.87,1
12,21-02-2024,False,52.7,9
13,21-02-2024,True,81.6,84
14,21-02-2024,False,17.24,61
15,21-02-2024,True,73.77,73
16,21-02-2024,False,35.53,57
17,21-02-2024,True,82.46,13
18,21-02-2024,True,19.29,79
19,21-02-2024,True,2.47,7
20,21-02-2024,True,36.83,87
21,21-02-2024,False,30.9,5
22,21-02-2024,True,33.33,86
23,21-02-2024,False,67.56,85
24,21-02-2024,True,77.93,12
25,21-02-2024,True,20.49,39
1,22-02-2024,False,60.46,38
2,22-02-2024,True,19.7,79
3,22-02-2024,True,7.31,97
4,22-02-2024,False,49.9,47
5,22-02-2024,False,88.37,86
6,22-02-2024,True,99.48,81
7,22-02-2024,False,9.01,99
8,22-02-2024,True,31.36,37
9,22-02-2024,True,18.87,51
10,22-02-2024,False,29.49,2
11,22-02-2024,False,79.45,29
12,22-02-2024,False,18.55,51
13,22-02-2024,True,15.68,1
14,22-02-2024,False,75.16,93
15,22-02-2024,False,2.47,4
16,22-02-2024,True,27.85,75
17,22-02-2024,True,71.69,91
18,22-02-2024,False,17.55,87
19,22-02-2024,True,57.97,33
20,22-02-2024,False,28.68,56
21,22-02-2024,False,66.75,9
22,22-02-2024,True,75.4,26
23,22-02-2024,False,70.91,54
24,22-02-2024,True,97.62,19
25,22-02-2024,False,4.03,88
1,23-02-2024,False,72.59,52
2,23-02-2024,True,7.67,3
3,23-02-2024,False,82.69,63
4,23-02-2024,True,23.44,74
5,23-02-2024,False,42.44,28
6,23-02-2024,True,96.24,26
7,23-02-2024,False,25.23,37
8,23-02-2024,False,50.42,87
9,23-02-2024,False,23.54,76
10,23-02-2024,True,30.97,55
11,23-02-2024,True,18.82,72
12,23-02-2024,True,33.97,14
13,23-02-2024,False,21.35,5
14,23-02-2024,True,51.99,13
15,23-02-2024,True,33.52,95
16,23-02-2024,False,54.9,43
17,23-02-2024,True,62.75,59
18,23-02-2024,True,80.92,88
19,23-02-2024,False,17.07,79
20,23-02-2024,False,74.16,57
21,23-02-2024,True,24.33,68
22,23-02-2024,True,30.89,53
23,23-02-2024,False,85.37,24
24,23-02-2024,False,86.84,71
25,23-02-2024,True,83.47,57
1,24-02-2024,False,10.25,32
2,24-02-2024,True,39.76,73
3,24-02-2024,True,44.93,59
4,24-02-2024,False,6.32,15
5,24-02-2024,False,95.0,48
6,24-02-2024,False,82.6,62
7,24-02-2024,True,96.58,42
8,24-02-2024,False,3.6,56
9,24-02-2024,True,31.76,90
10,24-02-2024,False,91.88,61
11,24-02-2024,False,60.96,20
12,24-02-2024,True,97.17,37
13,24-02-2024,False,92.52,79
14,24-02-2024,False,87.72,41
15,24-02-2024,True,24.11,37
16,24-02-2024,False,82.75,6
17,24-02-2024,False,36.61,40
18,24-02-2024,False,50.0,16
19,24-02-2024,False,3.4,33
20,24-02-2024,False,84.87,63
21,24-02-2024,False,49.36,84
22,24-02-2024,True,5.68,95
23,24-02-2024,False,41.45,67
24,24-02-2024,True,57.53,72
25,24-02-2024,False,13.48,8
1,25-02-2024,False,38.74,11
2,25-02-2024,True,39.33,75
3,25-02-2024,False,52.99,13
4,25-02-2024,True,60.99,52
5,25-02-2024,False,12.25,77
6,25-02-2024,True,77.14,45
7,25-02-2024,True,33.13,8
8,25-02-2024,True,20.85,60
9,25-02-2024,True,52.46,72
10,25-02-2024,False,25.45,73
11,25-02-2024,False,40.6,87
12,25-02-2024,True,4.7,32
13,25-02-2024,True,22.26,63
14,25-02-2024,False,40.6,29
15,25-02-2024,True,34.78,96
16,25-02-2024,True,98.83,50
17,25-02-2024,True,91.49,69
18,25-02-2024,True,49.63,3
19,25-02-2024,False,1.63,17
20,25-02-2024,False,25.8,98
21,25-02-2024,False,5.21,98
22,25-02-2024,False,65.76,25
23,25-02-2024,False,19.04,73
24,25-02-2024,False,12.86,4
25,25-02-2024,True,20.17,49
1,26-02-2024,False,91.56,19
2,26-02-2024,False,50.12,59
3,26-02-2024,True,76.33,26
4,26-02-2024,False,67.38,14
5,26-02-2024,False,88.95,45
6,26-02-2024,False,93.42,28
7,26-02-2024,True,12.36,45
8,26-02-2024,False,67.0,23
9,26-02-2024,True,34.19,44
10,26-02-2024,False,10.23,65
11,26-02-2024,True,92.82,18
12,26-02-2024,True,31.0,88
13,26-02-2024,True,21.89,21
14,26-02-2024,True,17.88,80
15,26-02-2024,True,46.78,73
16,26-02-2024,False,85.12,72
17,26-02-2024,True,65.53,84
18,26-02-2024,False,83.11,59
19,26-02-2024,False,23.64,29
20,26-02-2024,False,85.31,79
21,26-02-2024,False,14.5,43
22,26-02-2024,True,1.49,22
23,26-02-2024,True,73.55,35
24,26-02-2024,True,43.66,8
25,26-02-2024,False,20.37,5
1,27-02-2024,True,58.62,99
2,27-02-2024,True,77.44,64
3,27-02-2024,True,27.91,53
4,27-02-2024,True,74.2,55
5,27-02-2024,True,37.84,20
6,27-02-2024,False,36.3,91
7,27-02-2024,False,8.14,25
8,27-02-2024,True,66.35,73
9,27-02-2024,True,5.96,3
10,27-02-2024,True,23.42,44
11,27-02-2024,False,18.82,88
12,27-02-2024,True,69.14,63
13,27-02-2024,False,65.58,28
14,27-02-2024,True,78.54,88
15,27-02-2024,True,6.49,43
16,27-02-2024,False,47.06,48
17,27-02-2024,False,11.71,66
18,27-02-2024,False,88.68,92
19,27-02-2024,True,37.24,86
20,27-02-2024,True,47.61,3
21,27-02-2024,False,67.02,85
22,27-02-2024,True,73.36,41
23,27-02-2024,False,11.7,16
24,27-02-2024,False,74.85,63
25,27-02-2024,True,16.16,8
1,28-02-2024,False,78.07,35
2,28-02-2024,False,44.3,62
3,28-02-2024,True,27.56,10
4,28-02-2024,False,21.22,86
5,28-02-2024,False,65.28,1
6,28-02-2024,True,94.31,41
7,28-02-2024,True,24.56,84
8,28-02-2024,False,55.45,82
9,28-02-2024,False,96.65,90
10,28-02-2024,False,55.36,34
11,28-02-2024,True,79.95,68
12,28-02-2024,True,86.32,76
13,28-02-2024,False,37.4,1
14,28-02-2024,False,5.93,32
15,28-02-2024,True,45.73,63
16,28-02-2024,True,16.28,99
17,28-02-2024,True,97.41,21
18,28-02-2024,True,37.12,66
19,28-02-2024,False,83.47,47
20,28-02-2024,True,6.7,16
21,28-02-2024,False,12.46,74
22,28-02-2024,True,41.71,54
23,28-02-2024,False,70.57,66
24,28-02-2024,True,64.38,70
25,28-02-2024,True,30.1,53
1,29-02-2024,True,46.38,67
2,29-02-2024,False,25.93,33
3,29-02-2024,True,71.7,25
4,29-02-2024,False,17.35,66
5,29-02-2024,False,31.43,89
6,29-02-2024,False,95.53,49
7,29-02-2024,True,76.95,61
8,29-02-2024,False,62.85,57
9,29-02-2024,True,63.18,63
10,29-02-2024,True,30.12,82
11,29-02-2024,True,2.22,33
12,29-02-2024,False,84.16,45
13,29-02-2024,False,9.21,83
14,29-02-2024,False,15.92,70
15,29-02-2024,True,49.3,6
16,29-02-2024,False,9.5,31
17,29-02-2024,False,11.27,6
18,29-02-2024,False,19.14,58
19,29-02-2024,False,64.44,45
20,29-02-2024,False,63.95,6
21,29-02-2024,True,78.02,59
22,29-02-2024,True,20.2,60
23,29-02-2024,False,52.73,67
24,29-02-2024,True,50.58,82
25,29-02-2024,False,71.7,59
1,01-03-2024,False,99.36,12
2,01-03-2024,False,54.37,66
3,01-03-2024,True,48.19,54
4,01-03-2024,True,56.19,75
5,01-03-2024,False,18.26,40
6,01-03-2024,False,74.13,90
7,01-03-2024,False,87.96,30
8,01-03-2024,True,22.68,76
9,01-03-2024,False,49.34,71
10,01-03-2024,False,74.97,25
11,01-03-2024,True,57.65,61
12,01-03-2024,False,20.88,91
13,01-03-2024,False,19.67,7
14,01-03-2024,False,43.5,73
15,01-03-2024,True,94.19,45
16,01-03-2024,True,78.0,8
17,01-03-2024,False,42.73,83
18,01-03-2024,False,70.78,7
19,01-03-2024,False,92.9,7
20,01-03-2024,True,13.17,71
21,01-03-2024,False,86.32,19
22,01-03-2024,False,55.03,13
23,01-03-2024,True,18.89,12
24,01-03-2024,True,95.26,34
25,01-03-2024,True,80.29,14
1,02-03-2024,False,25.9,28
2,02-03-2024,True,68.81,8
3,02-03-2024,True,34.64,26
4,02-03-2024,False,13.07,80
5,02-03-2024,True,17.0,50
6,02-03-2024,True,61.23,79
7,02-03-2024,True,42.16,55
8,02-03-2024,True,95.3,1
9,02-03-2024,False,68.86,86
10,02-03-2024,False,89.92,50
11,02-03-2024,False,99.1,25
12,02-03-2024,False,37.45,56
13,02-03-2024,False,93.93,56
14,02-03-2024,False,95.33,73
15,02-03-2024,True,21.31,71
16,02-03-2024,False,18.54,12
17,02-03-2024,False,49.57,19
18,02-03-2024,True,6.11,86
19,02-03-2024,True,74.89,1
20,02-03-2024,False,9.69,23
21,02-03-2024,False,54.74,39
22,02-03-2024,True,43.76,47
23,02-03-2024,False,69.23,83
24,02-03-2024,False,29.34,46
25,02-03-2024,True,11.51,77
1,03-03-2024,True,9.88,55
2,03-03-2024,False,38.35,65
3,03-03-2024,True,45.95,81
4,03-03-2024,True,20.05,13
5,03-03-2024,True,72.89,68
6,03-03-2024,False,61.51,87
7,03-03-2024,False,47.37,26
8,03-03-2024,False,20.3,10
9,03-03-2024,True,62.79,70
10,03-03-2024,True,63.0,53
11,03-03-2024,True,19.21,34
12,03-03-2024,True,36.76,14
13,03-03-2024,False,11.28,6
14,03-03-2024,False,70.91,50
15,03-03-2024,True,77.59,14
16,03-03-2024,False,56.74,4
17,03-03-2024,False,56.97,73
18,03-03-2024,True,27.54,59
19,03-03-2024,True,14.29,17
20,03-03-2024,False,73.23,79
21,03-03-2024,True,44.18,59
22,03-03-2024,True,35.65,50
23,03-03-2024,True,27.45,97
24,03-03-2024,False,2.45,27
25,03-03-2024,False,30.39,73
1,04-03-2024,True,59.48,29
2,04-03-2024,False,25.65,95
3,04-03-2024,True,65.16,86
4,04-03-2024,True,88.25,92
5,04-03-2024,False,3.0,61
6,04-03-2024,True,77.18,30
7,04-03-2024,False,15.81,11
8,04-03-2024,False,53.82,78
9,04-03-2024,False,92.15,50
10,04-03-2024,False,66.93,10
11,04-03-2024,False,93.53,63
12,04-03-2024,False,23.72,22
13,04-03-2024,False,30.05,30
14,04-03-2024,True,52.12,80
15,04-03-2024,False,40.64,92
16,04-03-2024,False,37.89,77
17,04-03-2024,False,77.7,35
18,04-03-2024,False,27.63,26
19,04-03-2024,False,77.26,95
20,04-03-2024,True,27.23,87
21,04-03-2024,True,83.67,27
22,04-03-2024,False,40.2,10
23,04-03-2024,True,90.17,58
24,04-03-2024,False,90.89,67
25,04-03-2024,True,97.59,90
1,05-03-2024,True,96.98,97
2,05-03-2024,False,33.51,25
3,05-03-2024,True,49.06,55
4,05-03-2024,False,35.53,60
5,05-03-2024,False,94.83,9
6,05-03-2024,True,13.81,40
7,05-03-2024,True,36.55,9
8,05-03-2024,True,80.76,98
9,05-03-2024,True,44.35,68
10,05-03-2024,True,19.84,14
11,05-03-2024,True,43.37,77
12,05-03-2024,True,32.92,28
13,05-03-2024,True,83.09,64
14,05-03-2024,True,6.21,43
15,05-03-2024,True,99.73,19
16,05-03-2024,True,58.59,1
17,05-03-2024,False,52.36,22
18,05-03-2024,True,56.91,56
19,05-03-2024,False,37.75,16
20,05-03-2024,True,51.87,76
21,05-03-2024,True,3.43,17
22,05-03-2024,True,59.28,23
23,05-03-2024,False,49.15,6
24,05-03-2024,False,7.48,86
25,05-03-2024,False,94.59,49
1,06-03-2024,False,1.26,70
2,06-03-2024,False,68.8,69
3,06-03-2024,True,34.13,83
4,06-03-2024,True,17.27,75
5,06-03-2024,True,45.24,68
6,06-03-2024,False,68.79,99
7,06-03-2024,True,72.04,32
8,06-03-2024,True,36.92,69
9,06-03-2024,True,14.71,17
10,06-03-2024,True,14.15,94
11,06-03-2024,True,4.5,65
12,06-03-2024,True,60.44,14
13,06-03-2024,True,32.88,34
14,06-03-2024,False,29.54,8
15,06-03-2024,True,35.34,89
16,06-03-2024,False,34.99,36
17,06-03-2024,False,68.05,76
18,06-03-2024,False,5.06,32
19,06-03-2024,False,20.48,82
20,06-03-2024,True,71.34,53
21,06-03-2024,True,57.95,40
22,06-03-2024,True,7.8,93
23,06-03-2024,False,96.69,55
24,06-03-2024,True,33.93,86
25,06-03-2024,False,71.62,20
1,07-03-2024,False,21.24,44
2,07-03-2024,False,22.63,82
3,07-03-2024,False,44.28,30
4,07-03-2024,True,61.3,54
5,07-03-2024,True,84.81,14
6,07-03-2024,False,21.41,67
7,07-03-2024,False,60.85,4
8,07-03-2024,False,81.67,77
9,07-03-2024,True,36.97,74
10,07-03-2024,False,61.52,6
11,07-03-2024,True,19.81,59
12,07-03-2024,True,20.87,38
13,07-03-2024,True,10.88,7
14,07-03-2024,False,44.52,43
15,07-03-2024,False,53.41,43
16,07-03-2024,True,63.24,43
17,07-03-2024,True,81.73,43
18,07-03-2024,True,55.91,19
19,07-03-2024,True,95.28,99
20,07-03-2024,True,19.64,27
21,07-03-2024,False,38.21,27
22,07-03-2024,True,37.44,9
23,07-03-2024,True,7.52,74
24,07-03-2024,True,24.9,55
25,07-03-2024,False,34.02,34
1,08-03-2024,False,52.56,26
2,08-03-2024,True,57.59,20
3,08-03-2024,False,88.71,64
4,08-03-2024,False,79.63,5
5,08-03-2024,True,14.94,95
6,08-03-2024,True,11.17,84
7,08-03-2024,False,87.76,6
8,08-03-2024,True,87.12,40
9,08-03-2024,False,42.39,37
10,08-03-2024,False,17.04,13
11,08-03-2024,False,38.73,50
12,08-03-2024,True,69.52,25
13,08-03-2024,True,65.78,4
14,08-03-2024,False,50.51,78
15,08-03-2024,False,20.05,13
16,08-03-2024,False,24.54,83
17,08-03-2024,True,98.98,12
18,08-03-2024,True,16.26,89
19,08-03-2024,True,86.64,80
20,08-03-2024,True,84.71,57
21,08-03-2024,False,56.57,98
22,08-03-2024,True,64.2,81
23,08-03-2024,False,22.71,90
24,08-03-2024,True,66.01,12
25,08-03-2024,True,86.63,23
1,09-03-2024,False,82.45,93
2,09-03-2024,False,27.44,95
3,09-03-2024,True,62.64,90
4,09-03-2024,False,43.86,97
5,09-03-2024,True,26.82,57
6,09-03-2024,True,49.4,14
7,09-03-2024,False,82.94,66
8,09-03-2024,False,15.96,10
9,09-03-2024,True,15.34,62
10,09-03-2024,True,46.62,35
11,09-03-2024,True,39.71,65
12,09-03-2024,True,73.19,38
13,09-03-2024,True,54.06,90
14,09-03-2024,False,46.21,19
15,09-03-2024,False,91.03,43
16,09-03-2024,True,99.01,86
17,09-03-2024,True,41.63,49
18,09-03-2024,False,86.72,12
19,09-03-2024,False,68.45,91
20,09-03-2024,True,20.23,87
21,09-03-2024,True,95.39,12
22,09-03-2024,False,55.29,62
23,09-03-2024,False,82.25,93
24,09-03-2024,False,76.97,48
25,09-03-2024,False,95.84,93
1,10-03-2024,True,88.68,71
2,10-03-2024,False,8.21,13
3,10-03-2024,False,89.72,71
4,10-03-2024,False,35.19,71
5,10-03-2024,False,30.87,75
6,10-03-2024,True,64.6,11
7,10-03-2024,False,83.16,26
8,10-03-2024,True,47.61,89
9,10-03-2024,False,58.42,30
10,10-03-2024,True,73.12,2
11,10-03-2024,True,91.33,4
12,10-03-2024,False,48.76,97
13,10-03-2024,False,59.57,67
14,10-03-2024,False,52.48,50
15,10-03-2024,True,59.38,64
16,10-03-2024,False,78.14,54
17,10-03-2024,False,44.82,70
18,10-03-2024,True,32.07,96
19,10-03-2024,False,75.74,22
20,10-03-2024,True,91.81,68
21,10-03-2024,True,98.89,92
22,10-03-2024,False,33.91,46
23,10-03-2024,True,88.4,87
24,10-03-2024,True,38.51,56
25,10-03-2024,True,74.92,55
1,11-03-2024,True,22.83,74
2,11-03-2024,False,19.86,89
3,11-03-2024,False,44.02,48
4,11-03-2024,False,79.01,24
5,11-03-2024,False,58.51,26
6,11-03-2024,True,90.77,7
7,11-03-2024,True,57.04,60
8,11-03-2024,False,74.37,81
9,11-03-2024,False,91.97,88
10,11-03-2024,False,3.83,24
11,11-03-2024,True,30.44,82
12,11-03-2024,False,67.92,68
13,11-03-2024,False,67.64,86
14,11-03-2024,True,47.4,81
15,11-03-2024,False,53.92,43
16,11-03-2024,False,51.62,90
17,11-03-2024,False,70.25,69
18,11-03-2024,False,83.72,51
19,11-03-2024,True,87.5,1
20,11-03-2024,False,69.88,55
21,11-03-2024,False,39.08,56
22,11-03-2024,True,56.59,29
23,11-03-2024,True,32.63,40
24,11-03-2024,False,63.43,33
25,11-03-2024,True,21.49,7
1,12-03-2024,True,50.75,26
2,12-03-2024,True,17.89,4
3,12-03-2024,False,69.32,55
4,12-03-2024,True,75.16,56
5,12-03-2024,True,88.83,72
6,12-03-2024,False,75.58,23
7,12-03-2024,True,88.43,28
8,12-03-2024,False,28.89,78
9,12-03-2024,True,58.68,90
10,12-03-2024,False,56.29,52
11,12-03-2024,True,6.46,98
12,12-03-2024,False,54.57,84
13,12-03-2024,False,54.6,68
14,12-03-2024,False,99.5,20
15,12-03-2024,False,77.31,69
16,12-03-2024,False,88.71,81
17,12-03-2024,True,14.71,7
18,12-03-2024,True,28.18,1
19,12-03-2024,True,25.75,75
20,12-03-2024,True,47.09,99
21,12-03-2024,False,5.9,71
22,12-03-2024,True,61.46,9
23,12-03-2024,True,67.23,13
24,12-03-2024,False,77.6,49
25,12-03-2024,True,79.6,24
1,13-03-2024,False,85.73,89
2,13-03-2024,False,79.46,1
3,13-03-2024,False,52.83,49
4,13-03-2024,False,73.48,50
5,13-03-2024,True,13.44,53
6,13-03-2024,True,87.43,77
7,13-03-2024,True,77.44,67
8,13-03-2024,False,51.95,92
9,13-03-2024,True,40.29,79
10,13-03-2024,True,84.28,44
11,13-03-2024,False,36.36,88
12,13-03-2024,False,2.2,1
13,13-03-2024,True,59.71,24
14,13-03-2024,False,74.04,65
15,13-03-2024,False,21.37,8
16,13-03-2024,True,18.9,76
17,13-03-2024,False,95.32,76
18,13-03-2024,False,58.87,49
19,13-03-2024,True,84.28,81
20,13-03-2024,True,25.37,74
21,13-03-2024,False,2.47,99
22,13-03-2024,True,71.66,48
23,13-03-2024,True,66.64,53
24,13-03-2024,True,84.06,74
25,13-03-2024,False,96.89,35
1,14-03-2024,False,53.63,10
2,14-03-2024,False,27.4,59
3,14-03-2024,True,94.06,63
4,14-03-2024,False,6.69,72
5,14-03-2024,False,75.91,38
6,14-03-2024,False,49.48,84
7,14-03-2024,False,78.02,41
8,14-03-2024,True,24.27,83
9,14-03-2024,True,52.33,15
10,14-03-2024,False,20.53,56
11,14-03-2024,True,33.0,51
12,14-03-2024,False,64.02,5
13,14-03-2024,True,59.53,40
14,14-03-2024,False,59.78,63
15,14-03-2024,True,23.73,40
16,14-03-2024,False,32.23,63
17,14-03-2024,False,74.61,24
18,14-03-2024,False,40.63,82
19,14-03-2024,False,79.55,96
20,14-03-2024,False,15.91,39
21,14-03-2024,True,4.02,97
22,14-03-2024,False,90.47,41
23,14-03-2024,True,21.51,67
24,14-03-2024,True,57.47,55
25,14-03-2024,False,77.44,4
1,15-03-2024,True,9.98,6
2,15-03-2024,True,77.55,48
3,15-03-2024,True,19.9,9
4,15-03-2024,True,55.59,43
5,15-03-2024,False,31.64,72
6,15-03-2024,True,71.92,74
7,15-03-2024,True,92.43,44
8,15-03-2024,False,3.8,58
9,15-03-2024,False,26.92,99
10,15-03-2024,False,65.09,60
11,15-03-2024,True,60.61,66
12,15-03-2024,True,54.52,65
13,15-03-2024,True,67.76,8
14,15-03-2024,False,70.99,53
15,15-03-2024,True,89.02,11
16,15-03-2024,True,7.53,91
17,15-03-2024,False,43.02,7
18,15-03-2024,False,2.3,12
19,15-03-2024,True,51.45,42
20,15-03-2024,True,74.46,82
21,15-03-2024,True,35.24,20
22,15-03-2024,False,58.07,41
23,15-03-2024,True,32.61,89
24,15-03-2024,True,32.83,82
25,15-03-2024,True,5.44,12
1,16-03-2024,False,24.39,96
2,16-03-2024,True,39.34,63
3,16-03-2024,True,49.01,17
4,16-03-2024,True,1.06,67
5,16-03-2024,False,55.28,75
6,16-03-2024,True,15.05,68
7,16-03-2024,True,32.42,86
8,16-03-2024,True,10.17,53
9,16-03-2024,True,3.02,94
10,16-03-2024,True,4.94,65
11,16-03-2024,True,84.03,1
12,16-03-2024,True,84.33,17
13,16-03-2024,False,71.19,29
14,16-03-2024,False,50.87,64
15,16-03-2024,True,14.42,40
16,16-03-2024,True,1.84,26
17,16-03-2024,True,83.56,43
18,16-03-2024,False,73.8,69
19,16-03-2024,True,4.25,43
20,16-03-2024,True,38.07,17
21,16-03-2024,True,10.19,76
22,16-03-2024,False,9.36,33
23,16-03-2024,False,21.9,29
24,16-03-2024,True,12.7,20
25,16-03-2024,True,57.44,56
1,17-03-2024,True,79.31,93
2,17-03-2024,True,40.58,54
3,17-03-2024,False,50.99,47
4,17-03-2024,False,59.19,7
5,17-03-2024,True,68.08,67
6,17-03-2024,False,74.4,93
7,17-03-2024,True,52.21,64
8,17-03-2024,False,10.42,33
9,17-03-2024,True,86.81,8
10,17-03-2024,False,24.21,80
11,17-03-2024,True,27.7,66
12,17-03-2024,False,40.82,44
13,17-03-2024,False,48.27,63
14,17-03-2024,True,61.64,72
15,17-03-2024,False,60.89,13
16,17-03-2024,False,59.4,5
17,17-03-2024,True,69.74,76
18,17-03-2024,False,42.62,87
19,17-03-2024,False,91.74,54
20,17-03-2024,True,81.66,50
21,17-03-2024,False,62.27,51
22,17-03-2024,False,24.04,86
23,17-03-2024,False,89.28,52
24,17-03-2024,True,41.2,41
25,17-03-2024,False,27.11,45
1,18-03-2024,False,95.66,69
2,18-03-2024,True,61.82,4
3,18-03-2024,False,23.93,4
4,18-03-2024,False,61.18,38
5,18-03-2024,True,5.71,62
6,18-03-2024,False,20.56,37
7,18-03-2024,False,90.99,18
8,18-03-2024,False,99.66,69
9,18-03-2024,True,25.04,70
10,18-03-2024,True,70.7,37
11,18-03-2024,True,94.48,23
12,18-03-2024,True,84.59,68
13,18-03-2024,True,47.94,80
14,18-03-2024,False,58.6,52
15,18-03-2024,True,64.42,32
16,18-03-2024,False,20.09,79
17,18-03-2024,False,81.67,30
18,18-03-2024,False,84.16,12
19,18-03-2024,False,21.29,82
20,18-03-2024,True,52.78,78
21,18-03-2024,False,6.68,75
22,18-03-2024,True,96.59,41
23,18-03-2024,False,12.69,52
24,18-03-2024,False,70.7,31
25,18-03-2024,True,57.43,15
1,19-03-2024,True,48.52,14
2,19-03-2024,False,83.0,24
3,19-03-2024,True,98.61,75
4,19-03-2024,True,96.3,92
5,19-03-2024,True,28.0,97
6,19-03-2024,True,79.17,65
7,19-03-2024,True,64.55,74
8,19-03-2024,False,92.46,66
9,19-03-2024,False,16.92,4
10,19-03-2024,False,35.24,41
11,19-03-2024,True,63.6,62
12,19-03-2024,True,2.41,70
13,19-03-2024,True,26.97,32
14,19-03-2024,False,30.85,92
15,19-03-2024,False,84.37,4
16,19-03-2024,False,79.32,38
17,19-03-2024,False,7.73,5
18,19-03-2024,False,72.09,13
19,19-03-2024,False,54.87,77
20,19-03-2024,False,83.58,22
21,19-03-2024,True,6.01,76
22,19-03-2024,True,80.23,71
23,19-03-2024,False,96.79,89
24,19-03-2024,True,16.11,71
25,19-03-2024,True,3.63,51
1,20-03-2024,True,51.76,74
2,20-03-2024,True,22.46,38
3,20-03-2024,True,25.32,59
4,20-03-2024,True,59.84,10
5,20-03-2024,True,64.95,7
6,20-03-2024,True,92.86,67
7,20-03-2024,True,7.77,15
8,20-03-2024,False,41.69,19
9,20-03-2024,True,21.58,4
10,20-03-2024,True,41.36,7
11,20-03-2024,False,9.2,72
12,20-03-2024,True,53.66,38
13,20-03-2024,True,6.27,21
14,20-03-2024,True,45.53,96
15,20-03-2024,False,87.12,87
16,20-03-2024,False,16.74,28
17,20-03-2024,True,6.55,24
18,20-03-2024,True,28.65,67
19,20-03-2024,False,48.6,1
20,20-03-2024,False,82.17,46
21,20-03-2024,True,26.31,51
22,20-03-2024,False,52.05,6
23,20-03-2024,True,14.13,49
24,20-03-2024,False,63.77,85
25,20-03-2024,False,54.81,84
1,21-03-2024,False,66.54,16
2,21-03-2024,False,50.28,91
3,21-03-2024,False,15.26,50
4,21-03-2024,True,41.55,19
5,21-03-2024,False,95.49,46
6,21-03-2024,True,83.54,2
7,21-03-2024,False,31.42,24
8,21-03-2024,True,25.53,41
9,21-03-2024,True,23.85,13
10,21-03-2024,False,81.91,69
11,21-03-2024,False,54.19,92
12,21-03-2024,True,36.08,78
13,21-03-2024,True,58.91,90
14,21-03-2024,True,1.89,36
15,21-03-2024,False,19.17,9
16,21-03-2024,False,14.94,7
17,21-03-2024,True,15.29,17
18,21-03-2024,True,86.12,48
19,21-03-2024,False,76.94,81
20,21-03-2024,True,78.31,88
21,21-03-2024,False,34.51,91
22,21-03-2024,False,8.77,63
23,21-03-2024,True,29.06,78
24,21-03-2024,True,36.95,99
25,21-03-2024,False,16.17,79
1,22-03-2024,False,61.34,54
2,22-03-2024,False,19.86,96
3,22-03-2024,True,36.2,29
4,22-03-2024,True,7.67,47
5,22-03-2024,True,79.1,33
6,22-03-2024,False,68.7,66
7,22-03-2024,False,70.57,48
8,22-03-2024,False,55.88,26
9,22-03-2024,True,82.54,8
10,22-03-2024,False,54.85,34
11,22-03-2024,False,19.72,77
12,22-03-2024,True,49.46,88
13,22-03-2024,True,38.92,83
14,22-03-2024,True,57.57,43
15,22-03-2024,False,23.7,76
16,22-03-2024,True,56.93,50
17,22-03-2024,True,34.34,35
18,22-03-2024,True,15.98,10
19,22-03-2024,False,8.21,65
20,22-03-2024,True,20.7,7
21,22-03-2024,True,5.12,11
22,22-03-2024,False,42.21,40
23,22-03-2024,False,82.59,1
24,22-03-2024,True,71.33,28
25,22-03-2024,True,95.15,48
1,23-03-2024,False,30.98,53
2,23-03-2024,False,83.17,18
3,23-03-2024,False,89.66,71
4,23-03-2024,False,47.0,73
5,23-03-2024,False,2.19,7
6,23-03-2024,True,31.6,93
7,23-03-2024,False,80.67,44
8,23-03-2024,False,91.27,74
9,23-03-2024,False,21.11,76
10,23-03-2024,False,8.78,52
11,23-03-2024,False,73.79,40
12,23-03-2024,True,43.31,4
13,23-03-2024,True,79.81,74
14,23-03-2024,True,24.68,84
15,23-03-2024,False,48.28,12
16,23-03-2024,True,95.3,83
17,23-03-2024,True,25.77,87
18,23-03-2024,False,15.44,66
19,23-03-2024,True,66.83,75
20,23-03-2024,True,53.1,75
21,23-03-2024,True,5.92,14
22,23-03-2024,True,29.67,47
23,23-03-2024,True,54.73,27
24,23-03-2024,False,96.86,72
25,23-03-2024,False,59.66,6
1,24-03-2024,False,1.98,61
2,24-03-2024,False,2.15,56
3,24-03-2024,False,30.89,45
4,24-03-2024,False,91.23,54
5,24-03-2024,True,67.06,72
6,24-03-2024,False,28.91,40
7,24-03-2024,False,50.7,59
8,24-03-2024,True,28.51,46
9,24-03-2024,True,47.23,57
10,24-03-2024,False,71.02,72
11,24-03-2024,False,38.67,2
12,24-03-2024,True,22.63,72
13,24-03-2024,True,16.92,38
14,24-03-2024,False,96.92,68
15,24-03-2024,False,93.82,26
16,24-03-2024,True,95.04,50
17,24-03-2024,True,55.6,14
18,24-03-2024,True,31.37,50
19,24-03-2024,False,96.78,85
20,24-03-2024,True,50.09,90
21,24-03-2024,False,63.67,72
22,24-03-2024,False,79.13,15
23,24-03-2024,False,72.66,61
24,24-03-2024,True,34.7,68
25,24-03-2024,True,65.72,48
1,25-03-2024,False,38.61,32
2,25-03-2024,True,16.47,61
3,25-03-2024,True,31.13,40
4,25-03-2024,False,83.51,90
5,25-03-2024,False,40.02,63
6,25-03-2024,True,11.69,19
7,25-03-2024,False,90.12,67
8,25-03-2024,True,68.37,12
9,25-03-2024,False,62.47,26
10,25-03-2024,True,76.56,51
11,25-03-2024,False,25.73,8
12,25-03-2024,False,87.18,78
13,25-03-2024,True,10.47,27
14,25-03-2024,False,63.13,47
15,25-03-2024,True,51.61,9
16,25-03-2024,False,28.57,52
17,25-03-2024,False,21.48,14
18,25-03-2024,False,40.52,87
19,25-03-2024,True,72.55,15
20,25-03-2024,False,61.41,85
21,25-03-2024,True,20.49,49
22,25-03-2024,True,59.36,92
23,25-03-2024,False,14.01,69
24,25-03-2024,True,25.35,76
25,25-03-2024,True,62.01,47
1,26-03-2024,False,94.98,7
2,26-03-2024,False,54.94,23
3,26-03-2024,False,92.86,18
4,26-03-2024,False,11.44,2
5,26-03-2024,False,14.01,30
6,26-03-2024,False,8.77,40
7,26-03-2024,False,68.5,90
8,26-03-2024,True,29.09,49
9,26-03-2024,True,3.95,6
10,26-03-2024,False,35.15,46
11,26-03-2024,False,71.87,85
12,26-03-2024,True,86.86,22
13,26-03-2024,True,40.67,59
14,26-03-2024,False,55.69,25
15,26-03-2024,True,37.95,65
16,26-03-2024,True,10.88,50
17,26-03-2024,True,58.86,58
18,26-03-2024,False,13.36,64
19,26-03-2024,False,33.5,8
20,26-03-2024,False,67.45,31
21,26-03-2024,False,25.72,75
22,26-03-2024,True,52.08,28
23,26-03-2024,False,42.47,26
24,26-03-2024,False,8.4,40
25,26-03-2024,True,65.02,55
1,27-03-2024,False,35.94,61
2,27-03-2024,False,97.0,69
3,27-03-2024,False,7.13,76
4,27-03-2024,True,14.58,22
5,27-03-2024,False,51.52,67
6,27-03-2024,False,38.55,56
7,27-03-2024,True,14.57,79
8,27-03-2024,True,55.77,94
9,27-03-2024,False,30.85,62
10,27-03-2024,False,54.64,72
11,27-03-2024,False,3.09,66
12,27-03-2024,False,63.38,20
13,27-03-2024,False,47.34,73
14,27-03-2024,True,62.72,81
15,27-03-2024,False,41.77,18
16,27-03-2024,True,32.76,75
17,27-03-2024,True,32.94,47
18,27-03-2024,False,78.19,66
19,27-03-2024,True,35.51,94
20,27-03-2024,False,30.2,75
21,27-03-2024,True,68.05,61
22,27-03-2024,False,97.83,19
23,27-03-2024,False,92.79,41
24,27-03-2024,False,17.61,73
25,27-03-2024,False,13.15,86
1,28-03-2024,False,56.67,34
2,28-03-2024,True,92.82,86
3,28-03-2024,False,82.57,45
4,28-03-2024,False,30.03,91
5,28-03-2024,True,66.14,52
6,28-03-2024,True,15.7,63
7,28-03-2024,False,72.86,30
8,28-03-2024,True,20.06,13
9,28-03-2024,False,44.96,91
10,28-03-2024,True,37.86,46
11,28-03-2024,True,11.81,29
12,28-03-2024,False,92.39,52
13,28-03-2024,True,23.15,66
14,28-03-2024,True,26.21,78
15,28-03-2024,True,50.95,22
16,28-03-2024,True,56.93,91
17,28-03-2024,True,39.21,98
18,28-03-2024,False,81.23,32
19,28-03-2024,True,92.88,40
20,28-03-2024,False,69.45,19
21,28-03-2024,False,43.12,11
22,28-03-2024,False,87.99,43
23,28-03-2024,False,21.68,65
24,28-03-2024,True,64.64,42
25,28-03-2024,False,16.07,80
1,29-03-2024,True,92.04,31
2,29-03-2024,False,94.25,24
3,29-03-2024,True,67.76,43
4,29-03-2024,True,94.01,31
5,29-03-2024,False,53.23,91
6,29-03-2024,True,69.24,94
7,29-03-2024,True,20.49,47
8,29-03-2024,True,60.11,73
9,29-03-2024,False,37.96,44
10,29-03-2024,True,68.81,93
11,29-03-2024,False,96.69,3
12,29-03-2024,False,61.78,65
13,29-03-2024,False,47.13,82
14,29-03-2024,False,12.54,70
15,29-03-2024,True,70.73,4
16,29-03-2024,True,6.09,45
17,29-03-2024,False,43.23,21
18,29-03-2024,True,40.1,19
19,29-03-2024,True,91.88,80
20,29-03-2024,False,59.98,86
21,29-03-2024,False,15.08,6
22,29-03-2024,False,74.35,25
23,29-03-2024,True,18.03,5
24,29-03-2024,True,11.23,1
25,29-03-2024,True,97.61,2
1,30-03-2024,False,67.47,68
2,30-03-2024,False,32.13,4
3,30-03-2024,True,99.12,79
4,30-03-2024,False,67.17,4
5,30-03-2024,False,22.37,9
6,30-03-2024,True,71.87,39
7,30-03-2024,True,23.0,51
8,30-03-2024,True,8.41,10
9,30-03-2024,False,13.4,14
10,30-03-2024,True,82.78,34
11,30-03-2024,True,5.77,87
12,30-03-2024,False,82.04,73
13,30-03-2024,False,73.06,27
14,30-03-2024,True,22.34,97
15,30-03-2024,False,82.64,73
16,30-03-2024,False,52.85,81
17,30-03-2024,True,49.29,2
18,30-03-2024,True,74.75,21
19,30-03-2024,True,57.2,24
20,30-03-2024,True,84.51,60
21,30-03-2024,True,91.83,25
22,30-03-2024,True,81.71,46
23,30-03-2024,False,12.29,52
24,30-03-2024,False,69.51,27
25,30-03-2024,True,75.05,59
1,31-03-2024,True,63.6,97
2,31-03-2024,False,66.7,98
3,31-03-2024,False,64.48,91
4,31-03-2024,False,77.29,53
5,31-03-2024,False,44.41,62
6,31-03-2024,False,96.72,21
7,31-03-2024,False,99.04,49
8,31-03-2024,True,45.9,61
9,31-03-2024,False,71.74,55
10,31-03-2024,True,77.09,65
11,31-03-2024,False,74.43,28
12,31-03-2024,True,65.41,8
13,31-03-2024,True,28.96,59
14,31-03-2024,True,50.67,1
15,31-03-2024,False,27.59,44
16,31-03-2024,True,20.08,87
17,31-03-2024,False,13.52,22
18,31-03-2024,False,64.35,32
19,31-03-2024,True,11.43,80
20,31-03-2024,True,8.43,26
21,31-03-2024,False,20.7,46
22,31-03-2024,True,40.52,47
23,31-03-2024,True,39.68,75
24,31-03-2024,True,16.42,21
25,31-03-2024,True,84.67,26
1,01-04-2024,True,40.09,25
2,01-04-2024,False,71.24,28
3,01-04-2024,True,52.75,68
4,01-04-2024,False,82.28,10
5,01-04-2024,False,34.51,39
6,01-04-2024,False,87.38,9
7,01-04-2024,True,49.56,20
8,01-04-2024,True,88.34,69
9,01-04-2024,False,22.22,98
10,01-04-2024,False,43.34,76
11,01-04-2024,False,65.0,44
12,01-04-2024,False,30.57,1
13,01-04-2024,False,79.09,62
14,01-04-2024,False,34.78,6
15,01-04-2024,False,17.01,2
16,01-04-2024,False,97.08,87
17,01-04-2024,True,74.25,48
18,01-04-2024,False,59.74,66
19,01-04-2024,True,57.87,26
20,01-04-2024,True,73.57,87
21,01-04-2024,True,71.58,75
22,01-04-2024,False,33.43,89
23,01-04-2024,False,11.61,50
24,01-04-2024,False,39.14,38
25,01-04-2024,True,18.41,82
1,02-04-2024,True,4.02,95
2,02-04-2024,True,43.8,48
3,02-04-2024,True,98.57,86
4,02-04-2024,True,6.86,11
5,02-04-2024,False,81.65,30
6,02-04-2024,True,28.16,85
7,02-04-2024,False,11.85,61
8,02-04-2024,False,20.21,53
9,02-04-2024,True,55.55,8
10,02-04-2024,False,36.8,13
11,02-04-2024,False,79.21,21
12,02-04-2024,True,20.57,8
13,02-04-2024,False,17.48,4
14,02-04-2024,False,44.04,47
15,02-04-2024,True,84.2,2
16,02-04-2024,False,60.44,86
17,02-04-2024,True,2.44,57
18,02-04-2024,False,83.57,35
19,02-04-2024,True,7.16,64
20,02-04-2024,True,26.6,35
21,02-04-2024,False,3.85,25
22,02-04-2024,True,46.69,80
23,02-04-2024,False,27.62,73
24,02-04-2024,False,6.38,88
25,02-04-2024,False,75.22,78
1,03-04-2024,True,31.45,75
2,03-04-2024,False,7.51,8
3,03-04-2024,False,63.38,74
4,03-04-2024,True,1.61,81
5,03-04-2024,False,53.43,81
6,03-04-2024,False,94.34,89
7,03-04-2024,False,46.87,32
8,03-04-2024,False,3.45,15
9,03-04-2024,True,94.47,99
10,03-04-2024,False,1.14,47
11,03-04-2024,False,28.52,92
12,03-04-2024,True,86.47,24
13,03-04-2024,True,72.51,97
14,03-04-2024,True,92.19,9
15,03-04-2024,False,21.33,72
16,03-04-2024,True,63.22,82
17,03-04-2024,False,16.75,65
18,03-04-2024,True,6.1,20
19,03-04-2024,True,90.68,80
20,03-04-2024,True,15.62,41
21,03-04-2024,False,16.69,24
22,03-04-2024,False,33.52,71
23,03-04-2024,True,45.66,38
24,03-04-2024,False,96.89,62
25,03-04-2024,False,98.86,62
1,04-04-2024,True,76.1,79
2,04-04-2024,False,3.53,48
3,04-04-2024,False,34.75,62
4,04-04-2024,True,46.32,47
5,04-04-2024,False,71.92,13
6,04-04-2024,True,49.4,52
7,04-04-2024,False,62.72,99
8,04-04-2024,False,5.71,99
9,04-04-2024,False,67.74,85
10,04-04-2024,False,85.64,90
11,04-04-2024,False,30.7,61
12,04-04-2024,True,97.61,25
13,04-04-2024,False,29.07,93
14,04-04-2024,False,47.3,25
15,04-04-2024,False,12.42,67
16,04-04-2024,False,56.9,22
17,04-04-2024,True,78.51,54
18,04-04-2024,True,37.38,44
19,04-04-2024,False,3.29,62
20,04-04-2024,True,32.54,28
21,04-04-2024,True,23.63,15
22,04-04-2024,True,32.54,83
23,04-04-2024,False,29.45,89
24,04-04-2024,True,67.01,58
25,04-04-2024,False,84.45,43
1,05-04-2024,False,87.71,70
2,05-04-2024,True,73.46,68
3,05-04-2024,True,86.19,87
4,05-04-2024,True,91.09,79
5,05-04-2024,True,54.73,3
6,05-04-2024,True,15.83,70
7,05-04-2024,False,61.31,49
8,05-04-2024,False,33.97,16
9,05-04-2024,True,57.72,36
10,05-04-2024,False,75.82,68
11,05-04-2024,True,52.44,23
12,05-04-2024,True,47.96,59
13,05-04-2024,True,95.3,83
14,05-04-2024,True,31.74,36
15,05-04-2024,True,55.35,77
16,05-04-2024,False,56.71,52
17,05-04-2024,True,67.36,87
18,05-04-2024,True,25.37,8
19,05-04-2024,True,63.32,6
20,05-04-2024,False,67.82,88
21,05-04-2024,True,51.84,21
22,05-04-2024,False,55.25,22
23,05-04-2024,False,87.49,47
24,05-04-2024,False,44.58,41
25,05-04-2024,True,34.96,33
1,06-04-2024,False,94.17,13
2,06-04-2024,False,87.35,68
3,06-04-2024,True,27.92,15
4,06-04-2024,False,49.83,90
5,06-04-2024,True,46.35,84
6,06-04-2024,False,61.76,68
7,06-04-2024,False,39.89,54
8,06-04-2024,True,3.0,66
9,06-04-2024,False,16.78,9
10,06-04-2024,False,78.72,64
11,06-04-2024,False,47.71,30
12,06-04-2024,False,48.49,44
13,06-04-2024,False,22.27,72
14,06-04-2024,False,76.88,41
15,06-04-2024,False,2.59,92
16,06-04-2024,True,18.28,28
17,06-04-2024,True,96.17,64
18,06-04-2024,True,77.34,65
19,06-04-2024,False,27.56,9
20,06-04-2024,True,32.43,59
21,06-04-2024,True,70.32,86
22,06-04-2024,False,8.95,82
23,06-04-2024,False,41.54,34
24,06-04-2024,False,80.52,12
25,06-04-2024,True,73.46,34
1,07-04-2024,True,71.29,2
2,07-04-2024,False,40.42,43
3,07-04-2024,False,31.46,66
4,07-04-2024,True,94.0,8
5,07-04-2024,False,14.46,57
6,07-04-2024,False,29.73,89
7,07-04-2024,False,93.76,55
8,07-04-2024,True,76.12,42
9,07-04-2024,True,22.76,37
10,07-04-2024,False,51.19,8
11,07-04-2024,False,14.6,50
12,07-04-2024,True,74.88,77
13,07-04-2024,False,86.42,60
14,07-04-2024,True,2.62,40
15,07-04-2024,False,72.9,41
16,07-04-2024,False,21.66,60
17,07-04-2024,False,2.18,52
18,07-04-2024,True,14.8,81
19,07-04-2024,True,51.52,67
20,07-04-2024,True,98.6,8
21,07-04-2024,True,72.54,65
22,07-04-2024,False,91.44,90
23,07-04-2024,False,21.67,41
24,07-04-2024,False,87.05,97
25,07-04-2024,True,63.64,96
1,08-04-2024,False,85.16,98
2,08-04-2024,False,13.84,63
3,08-04-2024,False,66.02,10
4,08-04-2024,False,61.13,69
5,08-04-2024,True,77.72,96
6,08-04-2024,True,55.21,37
7,08-04-2024,True,75.79,8
8,08-04-2024,False,45.08,12
9,08-04-2024,True,23.03,32
10,08-04-2024,True,90.92,66
11,08-04-2024,False,17.36,16
12,08-04-2024,True,54.98,35
13,08-04-2024,True,80.76,69
14,08-04-2024,True,25.43,4
15,08-04-2024,False,48.07,34
16,08-04-2024,False,13.8,81
17,08-04-2024,False,94.62,11
18,08-04-2024,True,45.63,39
19,08-04-2024,True,22.08,16
20,08-04-2024,False,56.94,14
21,08-04-2024,False,87.3,73
22,08-04-2024,True,42.94,10
23,08-04-2024,False,69.76,7
24,08-04-2024,False,2.77,62
25,08-04-2024,False,9.31,1
1,09-04-2024,True,12.69,67
2,09-04-2024,False,62.66,17
3,09-04-2024,True,53.9,84
4,09-04-2024,False,12.97,9
5,09-04-2024,True,52.13,74
6,09-04-2024,False,45.75,81
7,09-04-2024,False,72.42,98
8,09-04-2024,True,13.67,82
9,09-04-2024,False,32.05,81
10,09-04-2024,True,89.07,68
11,09-04-2024,False,4.74,86
12,09-04-2024,True,79.64,53
13,09-04-2024,False,63.91,67
14,09-04-2024,False,31.78,80
15,09-04-2024,True,11.14,34
16,09-04-2024,True,84.34,38
17,09-04-2024,False,56.9,33
18,09-04-2024,True,48.03,82
19,09-04-2024,True,54.7,11
20,09-04-2024,True,28.9,99
21,09-04-2024,False,32.95,47
22,09-04-2024,True,85.72,62
23,09-04-2024,False,58.96,40
24,09-04-2024,True,2.44,5
25,09-04-2024,False,16.93,44
1,10-04-2024,False,30.43,77
2,10-04-2024,False,39.89,57
3,10-04-2024,True,85.56,2
4,10-04-2024,False,98.27,51
5,10-04-2024,True,42.74,93
6,10-04-2024,True,45.59,31
7,10-04-2024,False,65.22,83
8,10-04-2024,False,71.66,38
9,10-04-2024,True,35.78,69
10,10-04-2024,False,18.86,89
11,10-04-2024,False,91.85,69
12,10-04-2024,True,14.0,42
13,10-04-2024,True,26.77,27
14,10-04-2024,False,12.11,17
15,10-04-2024,False,8.35,35
16,10-04-2024,True,45.65,37
17,10-04-2024,False,78.61,16
18,10-04-2024,True,90.4,86
19,10-04-2024,True,69.3,60
20,10-04-2024,False,9.6,36
21,10-04-2024,False,75.06,66
22,10-04-2024,True,79.28,56
23,10-04-2024,True,54.59,56
24,10-04-2024,True,87.55,13
25,10-04-2024,False,6.17,9
1,11-04-2024,False,45.5,26
2,11-04-2024,False,63.65,14
3,11-04-2024,False,23.16,37
4,11-04-2024,True,75.1,25
5,11-04-2024,False,19.42,46
6,11-04-2024,False,18.66,87
7,11-04-2024,False,95.02,50
8,11-04-2024,False,21.09,10
9,11-04-2024,True,10.98,30
10,11-04-2024,True,20.02,60
11,11-04-2024,False,99.34,8
12,11-04-2024,False,98.93,15
13,11-04-2024,False,40.88,80
14,11-04-2024,True,57.71,5
15,11-04-2024,True,20.36,94
16,11-04-2024,True,58.64,70
17,11-04-2024,False,37.57,20
18,11-04-2024,False,82.07,29
19,11-04-2024,False,90.32,21
20,11-04-2024,True,57.42,11
21,11-04-2024,False,57.46,42
22,11-04-2024,False,95.8,51
23,11-04-2024,True,56.67,65
24,11-04-2024,False,53.2,87
25,11-04-2024,False,99.21,96
1,12-04-2024,False,64.2,9
2,12-04-2024,True,28.66,67
3,12-04-2024,True,63.76,53
4,12-04-2024,False,75.82,15
5,12-04-2024,True,50.23,93
6,12-04-2024,True,38.46,47
7,12-04-2024,False,75.53,31
8,12-04-2024,False,94.69,5
9,12-04-2024,True,73.54,11
10,12-04-2024,True,26.22,62
11,12-04-2024,True,40.45,6
12,12-04-2024,True,63.64,84
13,12-04-2024,False,9.92,31
14,12-04-2024,False,76.1,27
15,12-04-2024,False,46.51,18
16,12-04-2024,False,55.96,68
17,12-04-2024,True,52.62,76
18,12-04-2024,True,92.4,41
19,12-04-2024,True,56.14,44
20,12-04-2024,True,33.45,75
21,12-04-2024,True,32.51,86
22,12-04-2024,True,2.49,11
23,12-04-2024,False,90.29,39
24,12-04-2024,False,82.09,11
25,12-04-2024,False,58.19,12
1,13-04-2024,False,8.9,68
2,13-04-2024,False,73.96,67
3,13-04-2024,True,51.2,24
4,13-04-2024,True,80.96,46
5,13-04-2024,True,22.18,72
6,13-04-2024,False,32.97,90
7,13-04-2024,False,71.27,16
8,13-04-2024,False,40.65,5
9,13-04-2024,True,64.8,29
10,13-04-2024,False,26.96,83
11,13-04-2024,True,39.53,50
12,13-04-2024,True,52.49,67
13,13-04-2024,True,12.28,5
14,13-04-2024,True,52.71,16
15,13-04-2024,True,68.7,62
16,13-04-2024,True,19.78,42
17,13-04-2024,False,84.88,20
18,13-04-2024,False,21.04,44
19,13-04-2024,False,43.88,5
20,13-04-2024,False,95.33,54
21,13-04-2024,True,26.38,67
22,13-04-2024,True,86.36,16
23,13-04-2024,False,15.98,67
24,13-04-2024,True,3.12,12
25,13-04-2024,False,31.23,37
1,14-04-2024,False,26.7,36
2,14-04-2024,False,65.07,65
3,14-04-2024,True,25.89,74
4,14-04-2024,True,25.77,44
5,14-04-2024,True,24.39,60
6,14-04-2024,False,47.17,89
7,14-04-2024,False,62.78,71
8,14-04-2024,True,28.78,23
9,14-04-2024,False,4.02,7
10,14-04-2024,True,55.02,36
11,14-04-2024,False,97.46,23
12,14-04-2024,False,64.97,40
13,14-04-2024,False,19.12,98
14,14-04-2024,False,31.85,98
15,14-04-2024,True,46.5,62
16,14-04-2024,True,11.35,12
17,14-04-2024,True,99.77,34
18,14-04-2024,True,9.71,79
19,14-04-2024,True,50.21,13
20,14-04-2024,False,45.4,51
21,14-04-2024,True,3.93,20
22,14-04-2024,False,70.89,31
23,14-04-2024,False,32.11,74
24,14-04-2024,False,89.13,29
25,14-04-2024,True,9.21,14
1,15-04-2024,True,11.11,95
2,15-04-2024,False,68.75,10
3,15-04-2024,True,33.72,6
4,15-04-2024,True,58.99,53
5,15-04-2024,False,3.37,14
6,15-04-2024,False,49.28,67
7,15-04-2024,True,80.38,20
8,15-04-2024,True,8.94,59
9,15-04-2024,True,26.44,10
10,15-04-2024,False,47.1,15
11,15-04-2024,False,56.52,14
12,15-04-2024,False,40.99,92
13,15-04-2024,False,62.64,29
14,15-04-2024,True,49.74,41
15,15-04-2024,False,92.98,34
16,15-04-2024,False,71.67,17
17,15-04-2024,False,92.23,65
18,15-04-2024,True,15.88,68
19,15-04-2024,False,77.97,13
20,15-04-2024,True,88.04,27
21,15-04-2024,True,63.47,21
22,15-04-2024,False,74.3,19
23,15-04-2024,True,41.14,29
24,15-04-2024,True,31.08,73
25,15-04-2024,False,11.27,47
1,16-04-2024,True,28.06,55
2,16-04-2024,False,80.47,42
3,16-04-2024,True,71.18,8
4,16-04-2024,False,93.0,59
5,16-04-2024,True,54.01,71
6,16-04-2024,False,69.14,69
7,16-04-2024,False,71.21,55
8,16-04-2024,True,5.56,34
9,16-04-2024,True,84.65,97
10,16-04-2024,False,82.73,35
11,16-04-2024,False,41.6,26
12,16-04-2024,True,39.58,93
13,16-04-2024,False,73.84,71
14,16-04-2024,True,49.23,71
15,16-04-2024,True,10.19,8
16,16-04-2024,True,58.05,21
17,16-04-2024,True,68.37,25
18,16-04-2024,True,65.65,37
19,16-04-2024,True,18.57,34
20,16-04-2024,False,13.7,64
21,16-04-2024,True,68.88,71
22,16-04-2024,False,54.4,54
23,16-04-2024,False,41.84,96
24,16-04-2024,True,7.86,24
25,16-04-2024,False,50.12,44
1,17-04-2024,False,93.88,31
2,17-04-2024,True,64.47,73
3,17-04-2024,True,30.12,43
4,17-04-2024,False,41.1,72
5,17-04-2024,False,72.26,8
6,17-04-2024,False,82.51,85
7,17-04-2024,False,91.67,19
8,17-04-2024,False,5.92,25
9,17-04-2024,False,95.41,15
10,17-04-2024,False,52.54,76
11,17-04-2024,True,65.35,50
12,17-04-2024,False,52.62,40
13,17-04-2024,False,80.91,4
14,17-04-2024,False,92.89,24
15,17-04-2024,True,13.89,74
16,17-04-2024,True,69.29,39
17,17-04-2024,True,30.84,80
18,17-04-2024,True,43.08,53
19,17-04-2024,False,17.08,42
20,17-04-2024,True,69.39,48
21,17-04-2024,True,41.89,59
22,17-04-2024,False,93.34,32
23,17-04-2024,False,16.81,40
24,17-04-2024,True,77.71,17
25,17-04-2024,False,40.94,39
1,18-04-2024,False,53.08,25
2,18-04-2024,False,53.88,56
3,18-04-2024,True,5.27,45
4,18-04-2024,False,8.51,90
5,18-04-2024,True,60.5,4
6,18-04-2024,False,4.15,22
7,18-04-2024,False,43.61,68
8,18-04-2024,True,65.62,92
9,18-04-2024,True,27.44,23
10,18-04-2024,True,75.99,23
11,18-04-2024,True,53.14,37
12,18-04-2024,True,55.27,41
13,18-04-2024,True,61.83,96
14,18-04-2024,True,9.48,13
15,18-04-2024,False,98.56,93
16,18-04-2024,True,37.05,46
17,18-04-2024,True,55.03,6
18,18-04-2024,False,2.92,67
19,18-04-2024,True,35.88,98
20,18-04-2024,False,43.24,94
21,18-04-2024,True,5.47,69
22,18-04-2024,False,67.1,60
23,18-04-2024,True,45.45,57
24,18-04-2024,True,85.63,56
25,18-04-2024,True,84.46,71
1,19-04-2024,False,90.78,66
2,19-04-2024,False,57.79,11
3,19-04-2024,False,88.1,88
4,19-04-2024,False,38.76,28
5,19-04-2024,True,87.81,45
6,19-04-2024,True,14.65,18
7,19-04-2024,False,55.92,95
8,19-04-2024,True,87.47,40
9,19-04-2024,False,89.19,99
10,19-04-2024,True,49.18,64
11,19-04-2024,False,91.87,71
12,19-04-2024,True,27.77,89
13,19-04-2024,False,58.2,87
14,19-04-2024,True,94.33,49
15,19-04-2024,True,50.53,52
16,19-04-2024,True,1.85,56
17,19-04-2024,False,78.27,3
18,19-04-2024,True,47.77,60
19,19-04-2024,True,22.34,65
20,19-04-2024,True,38.63,94
21,19-04-2024,False,15.09,45
22,19-04-2024,False,34.5,24
23,19-04-2024,True,94.02,27
24,19-04-2024,True,15.65,32
25,19-04-2024,False,82.8,94
1,20-04-2024,True,71.1,18
2,20-04-2024,False,31.63,73
3,20-04-2024,False,84.18,18
4,20-04-2024,False,20.83,38
5,20-04-2024,True,49.65,33
6,20-04-2024,True,95.19,94
7,20-04-2024,False,96.98,1
8,20-04-2024,False,62.27,45
9,20-04-2024,True,7.69,32
10,20-04-2024,False,46.18,13
11,20-04-2024,False,74.64,78
12,20-04-2024,True,21.16,37
13,20-04-2024,True,96.19,19
14,20-04-2024,True,97.51,40
15,20-04-2024,False,75.73,75
16,20-04-2024,False,88.96,50
17,20-04-2024,False,73.67,2
18,20-04-2024,True,6.76,22
19,20-04-2024,True,82.89,32
20,20-04-2024,True,98.23,20
21,20-04-2024,True,45.11,15
22,20-04-2024,True,12.16,75
23,20-04-2024,False,34.1,57
24,20-04-2024,True,77.93,10
25,20-04-2024,True,1.83,43
1,21-04-2024,True,24.25,47
2,21-04-2024,True,80.73,9
3,21-04-2024,False,42.28,47
4,21-04-2024,False,99.95,38
5,21-04-2024,False,70.47,36
6,21-04-2024,True,21.51,19
7,21-04-2024,False,38.72,97
8,21-04-2024,True,67.62,33
9,21-04-2024,False,98.73,92
10,21-04-2024,True,3.66,47
11,21-04-2024,True,82.53,14
12,21-04-2024,False,30.2,24
13,21-04-2024,False,38.87,35
14,21-04-2024,False,13.48,40
15,21-04-2024,True,84.87,50
16,21-04-2024,False,58.44,75
17,21-04-2024,True,27.09,17
18,21-04-2024,False,7.85,87
19,21-04-2024,False,83.63,92
20,21-04-2024,True,80.09,26
21,21-04-2024,True,15.38,56
22,21-04-2024,True,63.42,95
23,21-04-2024,True,46.04,92
24,21-04-2024,False,16.24,32
25,21-04-2024,True,48.12,67
1,22-04-2024,False,40.63,51
2,22-04-2024,False,44.68,96
3,22-04-2024,True,35.0,30
4,22-04-2024,False,33.02,57
5,22-04-2024,False,33.12,99
6,22-04-2024,True,36.43,60
7,22-04-2024,False,16.09,50
8,22-04-2024,True,93.23,76
9,22-04-2024,False,19.12,44
10,22-04-2024,True,87.66,27
11,22-04-2024,False,13.17,19
12,22-04-2024,True,8.69,47
13,22-04-2024,True,36.12,80
14,22-04-2024,True,35.23,71
15,22-04-2024,False,11.84,77
16,22-04-2024,True,59.01,97
17,22-04-2024,True,77.86,96
18,22-04-2024,False,35.33,49
19,22-04-2024,True,94.07,29
20,22-04-2024,False,5.34,54
21,22-04-2024,False,24.21,48
22,22-04-2024,True,52.66,96
23,22-04-2024,True,7.97,79
24,22-04-2024,False,2.17,69
25,22-04-2024,True,82.3,48
1,23-04-2024,False,68.0,83
2,23-04-2024,True,87.0,15
3,23-04-2024,False,88.11,33
4,23-04-2024,False,34.4,89
5,23-04-2024,True,55.74,26
6,23-04-2024,True,93.49,38
7,23-04-2024,True,56.33,43
8,23-04-2024,False,57.84,41
9,23-04-2024,True,94.27,69
10,23-04-2024,False,27.18,32
11,23-04-2024,False,95.24,86
12,23-04-2024,True,18.19,33
13,23-04-2024,False,61.21,11
14,23-04-2024,False,70.17,28
15,23-04-2024,False,22.46,8
16,23-04-2024,True,54.62,20
17,23-04-2024,True,59.7,45
18,23-04-2024,True,82.3,91
19,23-04-2024,False,65.24,29
20,23-04-2024,True,77.4,41
21,23-04-2024,True,56.15,91
22,23-04-2024,True,35.49,30
23,23-04-2024,False,76.01,57
24,23-04-2024,False,88.38,92
25,23-04-2024,True,75.88,70
1,24-04-2024,False,98.07,74
2,24-04-2024,False,11.42,33
3,24-04-2024,False,90.73,67
4,24-04-2024,False,74.27,27
5,24-04-2024,True,87.73,34
6,24-04-2024,True,22.87,55
7,24-04-2024,False,59.52,11
8,24-04-2024,False,9.56,67
9,24-04-2024,True,76.19,48
10,24-04-2024,True,34.44,58
11,24-04-2024,True,72.7,1
12,24-04-2024,False,80.5,1
13,24-04-2024,True,82.46,71
14,24-04-2024,True,99.86,9
15,24-04-2024,True,41.74,16
16,24-04-2024,False,69.88,41
17,24-04-2024,True,38.02,78
18,24-04-2024,True,54.27,89
19,24-04-2024,True,87.94,76
20,24-04-2024,True,3.95,23
21,24-04-2024,False,59.31,7
22,24-04-2024,False,75.49,7
23,24-04-2024,False,11.46,64
24,24-04-2024,True,19.08,44
25,24-04-2024,True,90.48,76
1,25-04-2024,True,71.82,64
2,25-04-2024,False,28.93,61
3,25-04-2024,False,92.84,88
4,25-04-2024,False,59.94,92
5,25-04-2024,True,51.05,12
6,25-04-2024,False,95.58,28
7,25-04-2024,False,32.49,22
8,25-04-2024,False,12.15,74
9,25-04-2024,False,48.94,85
10,25-04-2024,False,27.37,99
11,25-04-2024,True,16.03,45
12,25-04-2024,False,52.31,6
13,25-04-2024,True,59.83,66
14,25-04-2024,True,43.36,13
15,25-04-2024,True,46.28,98
16,25-04-2024,True,58.05,39
17,25-04-2024,False,12.42,36
18,25-04-2024,False,50.78,77
19,25-04-2024,True,38.08,91
20,25-04-2024,True,90.93,8
21,25-04-2024,False,80.21,34
22,25-04-2024,False,93.64,31
23,25-04-2024,False,27.1,30
24,25-04-2024,True,74.26,20
25,25-04-2024,True,68.07,71
1,26-04-2024,False,25.51,94
2,26-04-2024,True,11.65,9
3,26-04-2024,True,57.17,18
4,26-04-2024,True,39.33,68
5,26-04-2024,True,11.08,67
6,26-04-2024,True,1.47,67
7,26-04-2024,False,47.58,39
8,26-04-2024,True,80.9,81
9,26-04-2024,True,89.22,6
10,26-04-2024,False,33.1,1
11,26-04-2024,True,41.58,52
12,26-04-2024,False,21.54,30
13,26-04-2024,True,69.0,60
14,26-04-2024,True,86.06,51
15,26-04-2024,True,88.23,46
16,26-04-2024,True,17.94,89
17,26-04-2024,True,87.1,72
18,26-04-2024,False,82.6,37
19,26-04-2024,False,28.86,83
20,26-04-2024,True,63.2,27
21,26-04-2024,True,30.64,34
22,26-04-2024,False,31.97,80
23,26-04-2024,True,41.5,25
24,26-04-2024,False,52.6,97
25,26-04-2024,False,83.88,46
1,27-04-2024,True,50.41,20
2,27-04-2024,True,44.89,67
3,27-04-2024,False,77.87,60
4,27-04-2024,False,72.67,97
5,27-04-2024,True,94.82,80
6,27-04-2024,False,53.46,72
7,27-04-2024,True,93.37,92
8,27-04-2024,False,10.55,90
9,27-04-2024,True,30.15,95
10,27-04-2024,True,56.26,27
11,27-04-2024,True,67.33,32
12,27-04-2024,True,12.22,74
13,27-04-2024,False,86.24,66
14,27-04-2024,False,6.11,48
15,27-04-2024,False,95.26,9
16,27-04-2024,True,47.61,17
17,27-04-2024,True,63.38,53
18,27-04-2024,True,80.18,53
19,27-04-2024,False,54.39,39
20,27-04-2024,True,94.77,73
21,27-04-2024,True,84.68,25
22,27-04-2024,False,71.91,92
23,27-04-2024,True,26.93,75
24,27-04-2024,True,88.39,80
25,27-04-2024,False,97.3,39
1,28-04-2024,False,18.56,63
2,28-04-2024,True,82.68,59
3,28-04-2024,False,49.3,76
4,28-04-2024,True,30.24,43
5,28-04-2024,True,62.01,16
6,28-04-2024,False,51.68,53
7,28-04-2024,True,27.1,94
8,28-04-2024,False,43.33,60
9,28-04-2024,True,62.98,8
10,28-04-2024,True,88.1,96
11,28-04-2024,True,32.73,34
12,28-04-2024,True,9.29,96
13,28-04-2024,True,89.92,23
14,28-04-2024,False,79.83,58
15,28-04-2024,True,67.25,89
16,28-04-2024,True,17.55,34
17,28-04-2024,True,59.97,3
18,28-04-2024,False,32.59,2
19,28-04-2024,False,3.82,45
20,28-04-2024,False,19.61,74
21,28-04-2024,False,1.68,41
22,28-04-2024,True,86.07,42
23,28-04-2024,True,67.58,89
24,28-04-2024,False,6.0,48
25,28-04-2024,False,60.77,58
